source	target	actions	states	scene change	real time	game time	timestamp	status
0	1			1	6.844374	0.1159973	1709128784	
1	2			0	7.902502	5.036285	1709128792	
1	2	0,10,11		0	6.308414	3.445892	1709129668	
1	2	0		0	9.56189	4.323914	1709157256	
1	2	0,11,16		0	6.427734	3.71167	1709160193	
2	3			1	1.410498	0	1709212066	
3	4	3		0	15.74513	7.155945	1709128809	
3	4	50,0,58,3,5,9,2	55,34,35,36,37	0	16.70215	15.15094	1710780192	
3	4	50,0,58,3,5,4,2	55,34,35,36,37	0	19.37012	17.84028	1710780421	
3	4	50,0,58,3,4,1	55,34,35,36,37	0	5.569336	5.549877	1710780505	
3	4	50,0,58,3,5,9,1,2,4	55,34,35,36,37	0	19.99023	18.6932	1710781830	
4	5	3,1,0,10,15		0	9.95541	9.956879	1709128819	
3	2			1	1.58255	0	1709211970	
2	6	11		0	7.769026	7.753265	1709129679	
6	7			1	1.346619	0	1709306063	
8	1			1	17.33545	-246.5442	1709679332	
1	9	38,0,10,18,8,6		0	99.63776	90.30859	1709136186	
9	1	38,0,10,18,8,6		0	4.804749	4.804688	1709136191	
1	10			1	5.811523	0.4628906	1709908296	
10	11			0	5.583313	2.71875	1709136224	
10	11	18	0,1,2	0	9.196213	3.248047	1709136266	
10	11	39	0,1,2	0	8.133362	3.576172	1709136296	
10	11		55	0	7.089554	4.224609	1709635126	
10	11	0,10,11	55	0	6.212791	3.363281	1709901309	
10	11	0,10	55	0	8.496521	3.66214	1709928980	
10	11	50,51,0,10,52,11	55	0	12.27454	3.296997	1710768629	
11	12			1	1.231297	0	1709901310	
12	10	18	0,1,2	0	30.78656	16.94531	1709136256	
12	10		0,1,2	0	21.11655	5.947266	1709136288	
12	13	18	0,1,2	0	9.757965	9.742188	1709136307	
13	14	18	0,1,2,3	0	126.2182	11.99414	1709136433	
14	15			1	1.117554	0	1709928991	
15	14			1	1.225189	0	1709136475	
16	17			0	5.116821	5.118998	1709200373	
16	17		56	0	6.128262	6.130001	1710005706	
17	18			0	3.726696	3.297034	1709143163	
17	18	0		0	3.545013	3.148054	1709310863	
17	18	0	56	0	24.22675	22.6298	1709565067	
17	18		56	0	13.46881	12.22678	1709566649	
18	19			1	1.355896	0	1709566629	
19	20	0		0	17.68846	7.07353	1709155957	
19	20	3,4,0		0	7.637421	7.620674	1709156037	
19	20	0	56	0	13.05411	13.03883	1709564584	
19	20	0,1	56	0	15.73828	15.72192	1709565084	
19	20	3,4,2	56	0	13.8985	11.97099	1709921803	
20	21			1	1.361259	0	1709305920	
21	22	3,4,1		0	5.98053	5.964005	1709156123	
21	22	0		0	9.989136	9.973539	1709200392	
21	22	0,1	56	0	12.15942	12.14351	1709564597	
21	22	0	56	0	10.22211	10.20514	1709566129	
22	23			1	1.344177	0	1709564598	
23	24	0		0	6.396019	1.722953	1709305931	
23	24	0,1	56	0	16.55524	9.128357	1709564615	
23	24	0	56	0	23.35831	8.664074	1709566154	
24	25			1	6.276222	0.2153625	1709566160	
25	26	0,1		0	19.80941	13.31899	1709143203	
25	26	0,1	56	0	29.37811	20.50965	1709564649	
26	27			1	1.287445	0	1709566358	
27	28	0		0	2.900085	1.673889	1709156185	
27	28	11,0,41	26,25	0	0.9770508	0.9609375	1709160515	
27	28	0	56	0	9.493011	6.775299	1709566411	
28	29	0,3,4		0	9.865448	1.988007	1709156207	
28	29	3,4,1,2,0,5		0	7.537598	4.671936	1709156646	
28	29	3,1		0	7.637085	4.77124	1709156852	
28	29	0,11	26,25	0	61.3042	2.00415	1709160615	
28	29	0		0	17.75729	6.808006	1709400075	
28	29			0	7.682928	4.820923	1709487017	
28	29		56	0	5.496707	2.651001	1709487255	
28	29	0,3,1	56	0	31.59573	14.66495	1709566442	
28	29	0	56	0	7.321655	2.385437	1709567239	
29	30			1	1.367584	0	1709566469	
30	31	0,8,3,5,6,2		0	15.24048	15.10923	1709143439	
30	31	3,4,2,0,8,5,6,1		0	42.09515	39.40366	1709156689	
30	31	11,0,41,3,4		0	12.375	11.89551	1709160628	
30	31	0,8,3,5		0	12.27527	12.25935	1709200469	
30	31	0,3,4,1,8,5		0	12.9875	12.75605	1709310783	
30	31	0,8,3,5,2		0	14.44543	14.1625	1709310932	
30	31	0,3,5		0	13.99759	13.86668	1709317742	
30	31	0,8,3,5,1		0	13.65057	13.40337	1709318649	
31	32			1	1.400818	0	1709156690	
32	33	3,4,2,0,5		0	49.24157	37.4488	1709143489	
33	32	3,4,2,0,5,1		0	12.13792	7.023872	1709143267	
33	32	3,4,2,0,5,20,22,21,7		0	69.18402	63.18684	1709143587	
32	31			1	1.186478	0	1709143268	
31	34	3,4,1	4	0	17.34399	14.97687	1709143286	
34	35			1	1.148193	0	1709674956	
35	34			1	1.080566	0	1709676587	
28	36	0,3,4		0	6.377014	4.704834	1709156192	
36	28	0,3,4		0	5.848167	1.473579	1709143420	
31	30	0,3,4		0	11.166	11.03371	1709143600	
30	29			1	1.005676	0	1709143601	
30	37	0	4	0	5.686386	5.666397	1709143609	
37	34	0,2,3,4	4	0	13.91147	10.80426	1709143623	
37	34	11,0,41,26,28	55,4	0	3.354248	1.359009	1709674954	
37	34	11,0,41,26,16	55,4	0	3.140381	1.143433	1709676576	
16	18			0	3.345963	3.346468	1709155939	
16	18		56	0	11.83519	11.39801	1709566080	
21	38	0		0	9.79776	6.245661	1709155968	
21	38		56	0	25.16345	25.14744	1709566708	
21	38	0,1	56	0	5.383789	5.367517	1709568062	
21	38	0	56	0	4.00816	3.99201	1709816737	
21	38	2	56	0	11.74542	10.41354	1709921815	
38	39			1	1.287842	0	1709566709	
39	40	0		0	3.213837	3.197399	1709155973	
39	40	0	56	0	4.15802	4.141754	1709566713	
40	41	0,3,4		0	7.535294	1.723053	1709155980	
41	39	0,3,4,1		0	5.112	5.118433	1709155985	
41	39	3,9,1	56	0	10.71545	8.696983	1709566776	
41	39	3,4,1	56	0	10.58325	8.564625	1709568192	
39	38			1	1.256104	0	1709568256	
38	42	3,4		0	1.179047	1.159395	1709155987	
38	42	3	56	0	8.153625	8.134079	1709566826	
42	21	3,4,1,2		0	14.31076	13.09093	1709156002	
21	20			1	1.358276	0	1709566679	
20	43	2,3,4,1		0	5.68576	5.111332	1709156008	
43	19	2,3,4,1,0		0	8.180145	7.952057	1709156017	
19	18			1	1.107849	0.5541916	1709921756	
20	44	0,3,4,1		0	6.494202	6.477737	1709156046	
20	44	0,3,4	56	0	6.477112	6.46151	1709921708	
44	45			1	1.204773	0	1709921709	
45	44			1	1.373535	0	1709156106	
44	20	3,4,1		0	9.375946	9.360405	1709156116	
44	20	0,1	56	0	4.936768	4.921051	1709921913	
44	20	3,4,2,0,5,9,1	56	0	16.84595	15.9422	1709922044	
23	46	3,4		0	1.411499	1.391609	1709156125	
23	46	3	56	0	96.98236	96.9617	1709566944	
23	46	3,4	56	0	3.318115	3.296524	1709568283	
46	24	3,4		0	6.342834	3.412727	1709156132	
46	24	3,1	56	0	14.48993	5.779968	1709566959	
46	24	3,4	56	0	7.00293	2.832932	1709568290	
25	47	3,4,1,0,5,2,9		0	28.07303	25.32469	1709156165	
25	47	0,1,3		0	20.12564	13.07119	1709310903	
25	47	0,1,3	56	0	16.17979	12.0106	1709928477	
47	48	3,4,1,0,5,2,9		0	1.541473	1.54068	1709156167	
47	48	0,1,3,5		0	1.305359	1.308775	1709310757	
47	48	3,0,5	56	0	5.646973	5.649185	1709564797	
47	48	0,1,3,5	56	0	1.318268	1.325956	1710005746	
48	49	3,4,1,0,5,2,9		0	7.422272	7.421921	1709156174	
49	26	3,4,1,0,5,2,9		0	7.283173	7.289337	1709156181	
30	50	3,4,1,2,0,5		0	398.4597	58.61525	1709156605	
30	50	0,3,4,9,1,5	44	0	31.06297	30.5822	1709402858	
50	31	3,4,1,2,0,5		0	6.389038	2.485535	1709156612	
50	31	0,3,4,9,1,5,7,20,48	44	0	6.857567	6.858994	1709402865	
50	31	11,0,41,26,28,44,3,5,7,8,16	55,4	0	4.854004	1.672852	1709674980	
50	31	11,0,41,26,3,5,28,7,8,16	55,4	0	4.770996	1.656433	1709676599	
50	31	11,0,41,26,28,3,5,7,8,16	55	0	5.118774	2.087936	1709928744	
32	28	3,4,1,2,0,5		0	25.36884	12.9955	1709156638	
32	51	3,4,1,9,2,0		0	47.87708	43.43469	1709156738	
32	51	3,4,1,2,0,5		0	18.83565	18.32087	1709310951	
32	51	3,4		0	10.53607	10.40447	1709317754	
32	51	3,4,0,1		0	11.46353	11.2169	1709319368	
51	52			1	1.455322	0	1709311860	
52	53	3,4,2,1,0,5,8		0	96.46857	94.03574	1709156836	
52	53	11,0,41,2,3,4,26,28	55	0	11.96094	11.64566	1709675021	
52	53	11,0,41,3,5,26,28	55	0	6.85791	6.42804	1709676636	
30	54	3,4,2,0,5,1,6,7		0	58.59668	56.50674	1709156911	
30	54	0,6,7,8,3,5		0	10.10521	10.0892	1709211806	
30	54	0,3,4,1,6,7,5		0	10.53592	10.28769	1709305975	
30	54	2,3,4,6,7,0,8,5	56,44	0	16.4504	15.66455	1709487272	
30	54	0,2,3,9,1,6,7,8,5	56	0	59.73962	50.02414	1709564880	
30	54	0,3,4,2,1,6,7,8,5	56	0	26.92053	19.40918	1709567267	
30	54	0,3,4,1,6,7,8,5	56	0	9.939018	9.69186	1709928498	
30	54	0,3,4,1,6,7,5	56	0	10.36943	10.13755	1710005769	
54	55			1	1.940369	0	1709564881	
55	56	0,2,3,9,5,1		0	36.54797	26.77502	1709156949	
55	56	0,2,3,5,1,9,4		0	34.22889	25.05116	1709211842	
55	56	0,2,3,9,1,5	56	0	43.22528	30.85434	1709564942	
55	56	0,2,3,5,1,9,4	56	0	35.33777	25.40145	1710005806	
56	57			1	0.0001373291	0	1709211842	
57	58			1	2.390686	0	1710005808	
58	59	0		0	3.106079	1.772644	1709156954	
58	59	0	55	0	5.262825	1.789185	1709487315	
58	59	50,0,58,3,4	55	0	9.75	8.382963	1710780061	
58	59	50,3,0,58	55	0	5.277344	3.826922	1710781761	
59	60			1	3.461914	0.2151721	1710781765	
60	61	0		0	3.627563	1.474365	1709156961	
60	61	0	55	0	3.478149	1.40786	1709928545	
60	61	50,0,58,3,4	55	0	9.875	5.731297	1710780074	
61	62			1	3.68457	0	1710780078	
62	63	0		0	7.22168	7.206116	1709156970	
62	63	50,0,58,56,8	55	0	7.819336	7.802883	1710780261	
62	63	50,0,58,56	55	0	4.208008	4.192403	1710780470	
63	64	0		0	15.90662	2.717834	1709156986	
63	64	50,56,0,8,58,3,4	55	0	8.713867	2.302694	1710780093	
64	65			1	1.139809	0	1709981514	
65	66	0		0	2.385498	1.375	1709156989	
65	66	11	55	0	0.762207	0.7455444	1709679500	
65	66	0	55	0	3.072205	1.258675	1709928554	
65	66	11,0,10	55	0	1.58979	0.9785156	1709981516	
66	65	0		0	47.27502	1.898926	1709157037	
66	65	11,0,10,13	55	0	7.407227	1.904907	1709679509	
66	65	0	55	0	13.01599	2.153961	1709928567	
66	65	11,0,10	55	0	8.896759	1.46875	1709981525	
65	64			1	1.336426	0	1709845800	
64	67	3,4,1		0	5.97998	5.798096	1709157044	
67	68			1	1.037109	0	1710781317	
68	69			0	1.441528	0.8282471	1709157046	
69	68	0		0	9.276489	1.209412	1709157055	
68	67			1	1.233398	0	1710781343	
67	70	3,4		0	5.003174	4.987	1709157061	
70	71			1	1.071655	0	1709157062	
71	70			1	0.9765625	0	1709157156	
70	72	3,4,0		0	14.72766	8.416565	1709157171	
72	73			1	1.240356	0	1709157206	
73	74			0	2.500854	1.0271	1709157174	
73	74	11	55	0	1.871582	0.5138245	1709676192	
73	74	0,10	55	0	1.540039	0.6956177	1709679486	
74	73	0		0	21.75476	5.135986	1709157196	
74	73	11,0	55	0	8.498291	1.258911	1709676200	
74	73	0,10,11	55	0	8.399414	1.027466	1709679494	
73	72			1	1.3125	0	1709679495	
72	1	0		0	1.408081	1.391602	1709157198	
72	1	11,16	55	0	1.209473	1.19281	1709676203	
1	72	0		0	6.698486	2.36853	1709157205	
1	72	0,11,16	55	0	4.372559	1.507538	1709676189	
1	72	0,10	55	0	133.3555	124.1309	1709679483	
3	75	0,3,5,1,2,4		0	62.3689	53.65143	1709157319	
75	76			1	1.192383	0	1709157321	
76	77	3,4,1		0	5.963501	5.699036	1709157327	
76	77	50,0,58,3,4,1	55	0	7.600586	6.643799	1710781861	
77	76	3,4,1,39,2,0,5		0	31.349	23.22949	1709157358	
76	75			1	1.082764	0	1709157359	
75	4	3,4,9,1,2,0,5,39		0	42.9696	39.5506	1709157402	
4	78	3,4,9,1,2,0,5,39		0	2.991943	2.998535	1709157405	
78	79			1	1.105469	0	1709157406	
79	80	3,4,9,1,2,0,5		0	22.28162	20.03955	1709157428	
80	81			1	1.007813	0	1709157429	
81	82			0	0.711792	0.6960449	1709157430	
82	81	39		0	1.855225	1.772461	1709157439	
82	81			0	32.07507	12.15979	1709157615	
81	80			1	1.209351	0	1709157616	
80	83			0	4.654541	4.638367	1709157621	
83	84			1	1.120605	0	1709157446	
84	85	3,4,9,1,2,0,5		0	13.97205	12.95135	1709157460	
85	86	3,4,9,1,2,0,5,39		0	34.93762	30.46918	1709157495	
86	87	3,4,9,1,2,0,5,39,38		0	22.58679	6.711548	1709157518	
87	88			1	1.131592	0	1709157519	
88	89	39,38,0,8,6		0	47.0863	22.44714	1709157566	
89	90			1	1.110596	0	1709157567	
84	91	0,39,38		0	17.90771	17.44446	1709157640	
91	92			1	1.084229	0	1709157641	
92	91			1	0.9852295	0	1709157644	
91	87	39,38,0		0	5.101807	4.838379	1709157649	
88	93			0	2.451904	2.435547	1709157653	
93	94			1	1.031738	0	1709157654	
94	7	3,4,39,38,0		0	7.206299	7.074097	1709157661	
7	6			1	1.085938	0	1709157662	
6	95	39,38,0		0	3.925293	3.910034	1709157666	
95	96	39,38,0		0	12.32581	9.791504	1709157678	
95	96	50,0,58,26,28,3,6,56,29,10,52,53,5	55	0	17.29883	11.94106	1710782066	
96	97	39,38,0,3,4		0	4.47644	1.689392	1709157683	
96	97	50,0,58,26,28,3,6,56,29,10,52,53,5,4	55	0	3.761719	1.175995	1710782070	
97	9	39,38,0,3,4,6		0	7.299805	7.14032	1709157690	
9	6	39,38,0,3,4,6		0	13.53503	2.683289	1709157704	
7	98	39,38,0,2,3,9,4,5,1,8		0	43.95093	41.55615	1709157749	
98	99	39,38,0,2,3,9,4,5,1,8		0	33.5293	25.92761	1709157782	
99	100			1	1.226074	0	1709157783	
100	101	3,4,9,39,38,2,0		0	34.54297	33.22186	1709157818	
101	102	3,4,9,39,38,2,0		0	7.763062	7.60376	1709157826	
102	103	3,4,9,39,38,2,0		0	20.60608	12.00464	1709157846	
103	104			1	1.021973	0	1709157847	
104	10			0	2.087402	2.070801	1709157849	
10	1			1	50.8062	5.484375	1709199167	
1	6	3,4,39,38,0,1		0	10.78467	7.837036	1709157872	
1	6	0,11,16,17	55	0	490.6593	13.05286	1709673439	
7	105	39,38,0,2,3,4,9,1		0	24.83228	23.49915	1709157898	
7	105	11,16,17,0,41	55	0	127.6986	11.31522	1709673568	
7	105	11,16,17	55	0	7.007813	6.826233	1709676270	
7	105	50,0,58,26,28,56,29,10,3,5,1	55	0	12.25879	12.02785	1710782127	
105	106			1	1.307617	0	1710781496	
106	107	39,38		0	12.83862	12.82275	1709157911	
106	107	50,0,58,3,55	55	0	5.268555	5.135712	1710782133	
107	108			1	1.116699	0	1709845847	
108	109			0	0.6958008	0.6794434	1709157913	
108	109	11		0	0.5632782	0.5467606	1709306094	
108	109	11	55	0	0.5640564	0.5469971	1709928608	
108	109	50,0,58	55	0	0.6308594	0.6129456	1710781570	
109	110			0	3.511719	3.511475	1709157918	
109	110	11,0,41		0	0.8776703	0.8780136	1709306095	
109	110	11,0,41	55	0	0.8774414	0.8780136	1709845849	
109	110	50,0,10,3,5,54,23,1,51,52	55	0	1.723175	1.722656	1710503610	
109	110	50,0,58	55	0	1.158203	1.159912	1710781571	
110	111			0	0.9609375	0.9609375	1709157919	
111	112			1	1.2854	0	1710768212	
112	111			1	1.188843	0	1710768318	
111	109			0	1.093262	1.077515	1709157946	
111	109	11	55	0	1.0271	0.9282227	1710768319	
109	108			0	1.026855	1.0271	1709157949	
109	108	0,11	55	0	7.599548	2.036469	1709928787	
109	108	50,0,10,3,5,54,23,1,51,52,9,11	55	0	718.1099	3.515625	1710504520	
108	107			1	1.279907	0	1710504521	
107	113			0	1.22583	1.210205	1709157951	
107	113	11,0,41	55	0	1.424072	1.408524	1709928790	
113	107			0	33.98315	3.048828	1709157985	
113	107	11,0,41,25,16,17,6,3		0	1.242432	1.242508	1709306092	
113	107	11,0,41,3,25,16,17,6	55	0	1.688232	1.606964	1709673583	
113	107	11,0,41	55	0	10.78979	2.27002	1709928801	
108	110			0	0.744873	0.7288818	1709157987	
108	110	0	55	0	0.6951599	0.6796875	1709928803	
110	108			0	10.71777	1.887817	1709157997	
110	108	11,0,41	55	0	11.3351	2.699966	1710005892	
107	114	3,4,1		0	4.107422	3.926147	1709158002	
107	114	11,16	55	0	2.666504	2.154236	1709676293	
107	114	11	55	0	2.385315	1.87326	1710005895	
114	115			1	1.255966	0	1709928625	
115	116	3,4,1,39,38,2		0	12.42358	10.04822	1709158016	
116	117	3,4,1,39,38,2		0	20.55591	15.67212	1709158037	
116	117	11,16,17,0,41,2,3,9,1,26,29,10,15,7	55,66	0	23.29181	9.196152	1709673629	
116	117	11,16,17,0,41,2,3,9,26,29,10,5	55,66	0	4.542969	2.434326	1709676317	
117	118	3,4,1,39,38,2,9,0,5		0	44.30566	36.96936	1709158081	
117	118	11,16,17,0,41,2,3,9,1,26,29,10,15,7,5,8	55,66	0	12.78925	8.746597	1709673642	
118	119	3,4,1,39,38,2,9,0,5		0	15.54175	10.56934	1709158100	
119	120			1	1.224609	0	1709845894	
120	121	3,4,2,40,18,0,5,9		0	36.47949	32.50928	1709158138	
121	122	3,4,2,40,18,0,5,9		0	5.849365	3.363281	1709158144	
122	123	3,4,2,40,18,0,5,9		0	5.743652	5.748291	1709158150	
123	124			1	1.310547	0	1709158151	
124	125	2,0,3,5,9,1		0	13.15308	10.58862	1709158164	
124	125	11,16,0,41	55	0	10.40332	10.38739	1709845910	
125	126			1	1.424805	0	1709845930	
126	127	3,4,1,0,5		0	12.85522	12.49158	1709158178	
126	127	11,0,41	55	0	7.93457	7.918655	1709845938	
127	128	3,4,1,0,5,2		0	13.48657	10.44592	1709158192	
128	129	3,4,1,0,5,2		0	38.13184	37.90466	1709158230	
129	130			1	1.023438	0	1709158231	
130	131			0	1.45752	1.441284	1709158232	
131	130			0	7.765381	3.015381	1709158240	
130	129			1	1.206787	0	1709638020	
129	132	39,0,8		0	21.45337	9.160278	1709158262	
129	132	11,0,10,13,2,3,5,4,26,28,39,8	55	0	62.70801	48.38867	1709638082	
132	133			1	1.14209	0	1709638084	
133	134			0	1.291748	1.275391	1709158265	
133	134	11,0,10,13	55,5,39	0	1.275879	1.257813	1709638188	
133	134	0,11,16	55	0	1.474152	1.45813	1710006041	
133	134	3,4,9	55,5,39	0	2.617706	2.484985	1710011802	
134	135	2,3,4,0,5,1,11,41,12		0	16.66748	15.53223	1709158281	
135	136	2,3,4,0,5,1,11,41,12	5	0	1.157715	1.159668	1709158282	
136	137	2,3,4,0,5,1,11,41,12	5	0	12.45361	7.537964	1709158295	
137	138			1	1.129883	0	1709158296	
138	139	0,11,42,16		0	12.17578	12.15991	1709158308	
139	140	0,11,42,16,41,3		0	3.331787	0.8605957	1709158313	
140	141	0,11,42,16,41,3		0	7.99707	8.001831	1709158321	
141	142			1	1.135376	0	1709302288	
142	141			1	1.083008	0	1709302290	
134	143	2,0,3,5,4	5	0	23.17627	18.28088	1709158357	
134	143	0,11,41	5	0	11.89404	9.07959	1709160116	
134	143		60,55,39,5	0	8.118164	5.269531	1709491314	
134	143		39,5,55	0	7.83315	4.986328	1709499475	
134	143	0,10,11,13,16	39,5,55	0	10.63013	7.453125	1709637980	
134	143		55	0	16.92561	6.228424	1710011394	
134	143	0,11,16,41	55	0	7.684195	4.820892	1710011531	
134	143	50,0,1	39,5,55	0	132.685	118.6837	1710013032	
134	143	50,0	39,5,55	0	20.94119	9.575195	1710013146	
143	144			1	1.425537	0	1709158359	
144	145	3,4,2,39,1,0,5		0	49.10474	40.81421	1709158408	
144	145	0,10	48,51,52	0	6.345215	6.328125	1709419101	
144	145	3,4,1,0,10,5	48,55,51,52	0	50.03564	20.74219	1709491418	
144	145	2,3,0,10,5	55,52,51,48,61	0	89.50605	21.05078	1709499566	
144	145	11,0,41,3,5,1,4,16	55,62	0	12.47412	9.94101	1710006061	
144	145	11	55	0	31.69104	25.16722	1710011427	
144	145	11,16,0,41,3,5,1,4	55,48,62	0	15.65512	13.23755	1710011547	
145	146			1	1.16748	0	1709418997	
146	147			0	2.269531	2.253052	1709158411	
147	148			1	3.174561	0.215332	1709158414	
148	149			0	3.810059	3.810425	1709158418	
149	150			0	11.26855	3.396118	1709158429	
150	151			1	2.561523	0	1709158432	
151	152	26		0	7.023682	4.339844	1709158439	
152	146	26,11,0,41		0	7.686768	5.533325	1709158447	
146	145			1	1.303223	0	1709418920	
145	153	39		0	11.97681	9.077881	1709158460	
153	154			1	2.679688	0	1709158462	
154	155	3,4,1,2		0	16.99683	15.65808	1709158479	
155	156	3,4,1,2		0	12.00928	9.757813	1709158491	
156	157			1	1.118408	0	1709158492	
157	158	39,38		0	6.162109	6.145874	1709158499	
158	159			1	1.133057	0	1709158500	
159	160	2,0,3,5,39,1,4		0	35.2876	26.63782	1709158535	
160	159	2,0,3,5,39,1,4		0	5.550049	3.429199	1709158541	
159	158			1	1.005127	0	1709158542	
158	161	39,38,0		0	3.611084	3.594971	1709158545	
161	162	39,38,0		0	1.87207	1.87207	1709158547	
162	163			1	1.149658	0	1709158548	
163	164	3,4		0	2.169434	2.153931	1709158550	
164	165			1	1.043701	0	1709158551	
165	164			1	0.9890137	0	1709158553	
164	166	0,3,9,39		0	19.18384	17.95398	1709158573	
166	167			1	1.027588	0	1709158574	
167	168	0,3,4,2,5		0	23.57495	17.33423	1709158597	
168	169			1	1.016357	0	1709158598	
169	170	0,1,3,4,2,9		0	44.30371	39.21973	1709158642	
170	171	0,1,3,4,2,9		0	12.3252	9.311646	1709158655	
171	172			1	1.12207	0	1709158656	
172	173	39,38,0,11,41,12		0	6.95874	6.942261	1709158663	
173	174	39,38,0,11,41,12	6	0	1.04248	1.042969	1709158664	
174	175			1	1.235352	0	1709158665	
175	176	11,16,17		0	1.65625	1.639526	1709158667	
176	175	11,16,17,0		0	7.123047	4.306641	1709158674	
175	174			1	1.074707	0	1709158675	
174	177	11,12	6	0	0.4145508	0.3974609	1709158675	
177	178	11,12,16,17	6,7	0	2.815186	2.816528	1709158678	
178	179			1	1.337402	0	1709158680	
179	180	11,16,17		0	1.126221	1.109985	1709158681	
180	179	11,16,17,0,8,41		0	7.057373	2.154053	1709158688	
179	178			1	1.358398	0	1709158689	
178	174	0,11,16,17,41	7,6	0	3.727539	3.710938	1709158693	
175	181	0,11,16,17,12		0	2.618408	2.600952	1709158697	
181	182	0,11,16,17,12	8	0	0.2321777	0.2327881	1709158697	
182	183	0,11,16,17,12	8,9	0	0.8100586	0.8109131	1709158698	
183	184			1	1.209229	0	1709158699	
184	185	11,16,17		0	2.318848	2.302856	1709158701	
185	186			1	1.219727	0	1709158702	
186	185			1	1.17334	0	1709158704	
185	187	11,16,17		0	2.499756	2.484131	1709158706	
187	188			1	1.094971	0	1709158707	
188	134	11,0,41,39,38,8,3,5	5	0	18.62036	4.870605	1709158726	
134	189	11,0,41,39,38,8,3,5	5	0	5.019287	2.153564	1709158731	
189	133	11,0,41,39,38,8,3,5	5	0	12.97949	2.302368	1709158744	
133	132			1	1.456787	0	1709637904	
132	126			0	7.491943	3.627563	1709158753	
132	126	11	55	0	1.788086	1.769531	1710507383	
126	125			1	1.30127	0	1709845946	
125	124	2,3,4,1		0	9.790527	8.667969	1709158764	
124	123			1	1.228027	0	1709158765	
123	190	0		0	3.925537	3.90918	1709158769	
190	191			1	1.125488	0	1709158770	
191	192	2,3,4,0,5		0	35.15479	28.99988	1709158805	
192	193	2,3,4,0,5		0	13.31958	8.772827	1709158818	
193	194			1	1.111572	0	1709158819	
194	195			0	1.076416	1.059814	1709158820	
195	196			0	26.27783	1.789063	1709159380	
196	197			1	1.126465	0	1709158825	
197	198	3,9,1,0,39,38,2,4		0	33.26758	17.00659	1709158859	
198	199	3,9,1,0,39,38,2,4		0	2.811035	2.815796	1709158861	
199	200	3,9,1,0,39,38,2,4		0	8.316895	3.76062	1709158870	
200	201			1	3.230957	0.2155762	1709158873	
201	202	3,9,1,0,2,4		0	32.53809	26.07312	1709158905	
202	203	3,9,1,0,2,4		0	8.531982	3.71106	1709158914	
203	204			1	1.111816	0	1710768255	
204	203			1	1.08374	0	1709159048	
203	205	39,38,0		0	10.96655	10.83508	1709158928	
203	205	11,16,17,6,0		0	8.134277	8.117676	1709159056	
205	206			1	1.07959	0	1709159057	
206	207	0		0	2.749512	2.733521	1709158932	
206	207	11,16		0	2.500244	2.484375	1709159060	
206	207	50,51,0,10,52	55	0	8.713135	8.699219	1710505486	
207	208			1	1.22168	0	1710505488	
208	109	3,4,1		0	4.356934	4.223999	1709158937	
208	109	11,0,41		0	1.7229	1.623413	1709159063	
208	109	11,16	55	0	2.071045	1.855469	1710505763	
109	208	3,4,1		0	8.497559	3.345825	1709158945	
109	208	0,11		0	4.754395	1.887939	1709159727	
109	208	11,0,41		0	15.61938	2.435303	1709159747	
109	208	11,0,41,26,28,3,9,27		0	5.383881	4.804886	1709306122	
109	208	0,10,11	55	0	4.72176	1.789063	1709840228	
109	208	0,3,26,9,27,11	55	0	11.66599	5.483475	1709928844	
109	208	11	55	0	1.855713	1.772034	1710768320	
109	208	50,51,0,10,11	55	0	4.754639	1.806946	1710769357	
109	208	50,0,58,26,3,9,27	55	0	22.21094	6.615494	1710782157	
208	207			1	1.362549	0	1709158947	
208	110			0	2.865234	2.849121	1709158951	
110	208	3,4		0	20.43799	3.927734	1709158972	
207	206			0	17.24463	8.101685	1709158990	
207	206	11,16		0	2.385986	2.369385	1709159075	
207	206	11,16	55	0	2.666748	2.650635	1710768248	
207	206	50,3,0,58,4,1	55	0	5.102539	5.086014	1710782163	
206	205			1	1.18335	0	1710505396	
205	203	39,38,3,9,0,1,6		0	21.95044	21.18445	1709159013	
205	203	11,16,17,6,3,9,0,39,38,8		0	30.68091	29.85364	1709159107	
205	203	11,16,17,0,10,13	55	0	4.770874	4.638733	1710768254	
204	209	6,39,38		0	8.381836	8.365723	1709159023	
209	210			1	1.405273	0	1709159024	
210	209			1	1.407471	0	1709159042	
209	204	0,11,6,16,17		0	5.615479	5.598755	1709159047	
209	204	39,38,0,8,3,5,1		0	8.432617	8.416016	1709159338	
204	211	39,38		0	6.526855	6.510864	1709159114	
211	212			1	1.114136	0	1710768271	
212	213	3,4,9,1,0,11,12		0	4.572754	4.092041	1709159120	
213	214	3,4,9,1,0,11,12,16	10	0	0.8283691	0.828125	1709159121	
214	215	3,4,9,1,0,11,12,16	10,11	0	0.03295898	0.03393555	1709159121	
215	216	3,4,9,1,0,11,12,16,41	10,11,12	0	1.524658	1.523926	1709159122	
216	217	3,4,9,1,0,11,12,16,41	10,11,12,13	0	0.3479004	0.3480225	1709159123	
217	218	3,4,9,1,0,11,12,16,41	10,11,12,13,14	0	0.9758301	0.9766846	1709159123	
218	219			1	1.295166	0	1710768274	
219	220	11,0,41,39,38,3,5,1		0	10.0918	9.956543	1709159135	
220	221	11,0,41,39,38,3,5,1,6		0	24.5481	24.32007	1709159159	
221	222	11,0,41,39,38,3,5,1,6	15	0	20.8125	16.96338	1709159180	
222	219	11,0,41,39,38,3,5,1,6,8	15	0	34.45679	32.22607	1709159215	
219	218			1	1.156006	0	1709159216	
218	212		11,13,12,14,10	0	1.539551	1.52356	1709159217	
212	211			1	0.9626465	0	1709159218	
211	223	39,38		0	2.289307	2.27002	1709159221	
223	224	39,38,0		0	3.856201	3.859985	1709159224	
223	224	11,16,17,0,10,13,52,50	55	0	3.607178	3.611938	1710768262	
224	209	39,38,0		0	11.43091	9.69165	1709159236	
210	225	39,3,4		0	14.92944	14.39136	1709159252	
225	226	39,3,4,2,0,5,1		0	27.62964	25.34204	1709159280	
226	210	39,3,4,2,0,5,1		0	49.00195	43.52075	1709159329	
203	201			0	3.379639	3.363037	1709159343	
201	200			1	3.226807	0.21521	1710769368	
200	197	39,38,0		0	5.714355	5.715332	1709159352	
200	197	50,11,16,17	55	0	4.38916	4.27533	1710769372	
197	196			1	1.310547	0	1710769374	
196	195			0	0.9616699	0.9440918	1709159354	
196	195	11	55	0	0.8122559	0.7952271	1710769374	
197	227	39,38,3,9,1,4,2,0,5		0	21.86768	20.59937	1709159403	
227	228			1	1.47876	0	1709159404	
228	229	39,38,0,40,2,18,3,4,1,9,5,26,28		0	39.57764	36.25781	1709159444	
229	230			1	3.231323	0.2153931	1710768642	
230	231	11,12		0	0.5307617	0.5300293	1709159448	
231	232	11,12,16	16	0	0.28125	0.2817383	1709159448	
232	230	11,12,16,0,41	16,17	0	16.41235	4.141846	1709159464	
230	229			1	3.38147	0.2155762	1710768667	
230	233	3,9,0,39,2,4,5	17,16	0	30.9126	23.90088	1709159509	
233	230	3,9,0,39,2,4,5	17,16	0	6.475586	3.164307	1709159515	
233	230	50,11,12,16,2,51,0,10,3,5	55,17,93	0	6.029175	2.286194	1710768663	
229	13	39,38,0,11,12		0	6.129395	6.129395	1709159525	
13	234	39,38,0,11,12,16	3	0	1.243164	1.242676	1709159526	
234	235	39,38,0,11,12,16	3,1	0	0.8120117	0.8117676	1709159527	
235	236	39,38,0,11,12,16	3,1,0	0	0.5959473	0.597168	1709159527	
236	14	39,38,0,11,12,16,41	3,1,0,2	0	1.041992	1.042969	1709159528	
15	237	11,16,17		0	3.677246	3.545654	1709159533	
15	237	11,16,17	55	0	2.981873	2.965454	1709928994	
15	237	11,0,10,13,16,17	55	0	3.263062	3.247009	1710768677	
237	238			1	1.219971	0	1710768678	
238	239	11,12		0	0.9619141	0.9440918	1709159535	
239	240	11,12,0,41	18	0	2.534912	2.534912	1709159538	
240	241	11,12,0,41,16,26,29,10,15,28	18,19	0	14.1311	13.74951	1709159552	
241	242	11,12,0,41,16,26,29,10,15,28,7	18,19,20	0	26.67114	18.22241	1709159579	
242	243			1	2.58374	0	1709159581	
243	244			0	3.545654	3.54541	1709159585	
244	245	0		0	25.54272	17.52808	1709159635	
245	246			1	1.214844	0	1709159637	
246	245			1	1.191406	0	1710158589	
245	244			0	3.39624	3.379639	1709159642	
245	244	11,16,0,10,13,52,50,51	55,45	0	4.555176	4.539063	1710158593	
244	247			0	10.46069	6.047852	1709159653	
247	248			0	1.060303	1.060059	1709159654	
248	249			1	1.143311	0	1709159655	
249	248			1	1.368408	0	1709159659	
248	244			0	4.125	4.108154	1709159664	
244	109			1	13.44401	0.1660156	1709840224	
109	111			0	5.533447	2.666748	1709159677	
109	111	0,10	55	0	4.52272	1.656311	1709805667	
109	111	0,10,11	55	0	4.107422	1.244141	1709845080	
109	111	50,51,0,10,11	55	0	1084.41	2.633118	1710767832	
112	250	39,26,43,34,29,0,10,3,4		0	15.27417	14.77686	1709159694	
250	251			1	1.044434	0	1709159695	
251	252			0	0.7944336	0.7790527	1709159695	
252	253	0		0	6.080078	3.611084	1709159702	
253	254			1	1.113403	0	1709840521	
254	253			1	1.002106	0	1709840520	
253	255	3,4		0	4.455811	4.439941	1709159712	
255	256			1	1.126221	0	1709159713	
207	257	11		0	5.715088	5.69873	1709159754	
207	257	11,0,10,13,16	55	0	5.582642	5.566467	1710767876	
207	257	11,16	55	0	6.212402	6.196716	1710768031	
257	258			1	1.217529	0	1710767878	
258	259	11,16,0,41,3,4,2		0	25.1145	21.63574	1709159780	
258	259	11,16,19,50,2,51,0,10,52,3,1,53	55	0	16.94739	14.72864	1710767895	
259	258	11,16,0,41,3,4,2		0	10.81445	7.275146	1709159791	
258	257			1	1.178467	0	1709159792	
257	260	11,16,0,41		0	8.583008	4.506104	1709159800	
257	260	11,0,10,13,52,50,51	55	0	5.648438	5.632813	1710505466	
260	261			1	1.323364	0	1710505058	
261	262	11,16,17,0,41,6		0	8.150391	7.88623	1709159810	
261	262	11,16,17	55,72	0	4.919922	4.738281	1709845016	
262	263			1	1.220009	0	1709840248	
263	262			1	1.179688	0	1709159816	
262	264	11,16		0	1.009521	0.9938965	1709159817	
264	265	11,16,17		0	3.865967	3.859619	1709159821	
265	266	11,16,17		0	0.2319336	0.2319336	1709159821	
266	267	11,16,17		0	1.468994	1.391357	1709159822	
266	267	11,16,17,0,10,13,14,15,50,51	55	0	1.633789	1.474304	1710767961	
267	268			1	1.50293	0	1709159824	
268	267			1	1.269531	0	1710768409	
267	261	11,16,17		0	3.511475	3.412598	1709159834	
261	260			1	1.093262	0	1709159835	
260	269	11		0	2.584717	2.568115	1709159838	
269	270			1	1.261475	0	1710504540	
270	271	11,16,17,0,41,3,5		0	7.851318	7.522217	1709159847	
270	271	11,16,17,0,10,13,3,5	55	0	6.691711	6.4776	1709928859	
270	271	11,16,17	55	0	4.140381	3.878906	1710504544	
271	272			1	1.391968	0	1709306138	
272	273	11,0,41,3,5,1,2,9,4,26		0	33.76245	21.85156	1709159882	
272	273	11,0,41,3,1,9		0	26.9044	16.63303	1709306165	
272	273	11,0,10,13,3,5,26,9	55	0	18.34082	8.0186	1709928878	
273	274			1	2.692108	0	1709306168	
274	275	3,0,2,9,1,5,4		0	123.9834	83.95361	1709160008	
274	275	3,0,10,2,9,1,4,5	55	0	53.4325	29.68092	1709928935	
274	275	3,50,9,0,10,15,5,19,51,53,52,2,1,4	55	0	47.93103	35.24615	1710768502	
275	276			1	6.864563	0	1709928941	
276	277	0,11,16		0	4.438477	4.42334	1709160019	
276	277	0,10,11,16	55	0	4.821716	4.807281	1709928946	
277	278			1	0.0001220703	0	1709928946	
278	279			1	19.22766	0	1709928965	
279	10	0		0	6.509277	2.451904	1709160033	
279	10	0,10	55	0	5.735779	1.789215	1709928971	
279	10	50,51,0,10,52	55	0	4.803101	1.75531	1710768527	
10	195			1	10.64502	0.4641113	1709160043	
195	280	0,11,16,17		0	7.669434	2.899414	1709160051	
195	280	11,0,10,13,52,50,51,16,17	55	0	52.81812	3.329773	1710769427	
280	281			1	3.46582	0.2148438	1709160055	
281	282	0,11,41		0	6.37793	6.378174	1709160061	
281	282	50,0,10,11,13	55,59	0	8.398682	5.384521	1710769439	
282	283			1	1.327148	0	1709160062	
283	284	0		0	1.540039	1.52417	1709160064	
283	284	11	55,59	0	1.010254	0.9940186	1710769441	
284	285	0		0	6.179688	2.419678	1709160070	
285	286	0,11		0	1.242188	1.241943	1709160071	
285	286	0,10,15,3,5,25,49,39,47,8,26,9,27		0	4.307007	4.125	1709403809	
286	287			1	1.391479	0	1709403810	
287	286			1	1.090332	0	1709160099	
286	283	0,11,16,41		0	4.256348	4.240723	1709160081	
283	282			1	1.203918	0	1709403775	
283	286	11,0,41		0	4.091309	4.075439	1709160089	
286	285	0		0	1.125977	1.110107	1709160100	
285	134			1	1411.923	4.255859	1709491306	
144	143			1	1.194336	0	1709160130	
143	288	0,2,3,5	5	0	14.16406	12.16895	1709160144	
143	288	3,4	5,39	0	3.114746	3.097656	1709419452	
288	289			1	3.20459	0.2148438	1709638012	
289	290	3,0,11,12		0	5.500977	5.500244	1709160152	
290	291	3,0,11,12	21	0	0.1152344	0.1159668	1709160152	
291	292	3,0,11,12,16	21,22	0	1.589355	1.590576	1709160154	
292	293			1	1.289551	0	1709419461	
293	292			1	1.21582	0	1709419576	
292	294	11,0,41,26	21,22	0	6.328125	6.129883	1709160172	
294	295			1	2.568359	0	1709160175	
295	134	0,11,41	5	0	5.02002	5.019287	1709160180	
134	1			1	6.532227	0.1499023	1709160186	
3	296	11,16,0,41,2,17		0	11.19824	10.28687	1709160205	
296	297			1	1.100586	0	1709160206	
297	298	11,0,41,16,17		0	8.994629	8.648926	1709160215	
298	299			1	1.34819	0	1709928652	
299	300	11,16		0	3.412598	3.395996	1709160220	
300	301			1	1.207336	0	1709673727	
301	300			1	1.177734	0	1709160223	
300	302	11		0	2.202637	2.186768	1709160226	
302	303			1	1.315063	0	1709673697	
303	304	11,12		0	0.7133789	0.6958008	1709160228	
303	304	11,12	55	0	0.7131348	0.6958771	1709676358	
304	305	11,12,0,41,16	23	0	7.23877	7.008545	1709160235	
305	306			1	1.11377	0	1709160236	
306	305			1	0.9775391	0	1709160240	
305	307	0,11,41	23	0	7.106445	6.859619	1709160247	
307	308			1	1.375488	0	1709160248	
308	309	11,12		0	0.4648438	0.447998	1709160249	
309	26	11,12,16,0,41	24	0	10.53516	10.30371	1709160259	
28	310	0,11,12		0	4.025879	0.861084	1709160265	
310	311	0,11,12,16	25	0	0.8935547	0.894043	1709160266	
311	312			1	1.20752	0	1709160267	
312	313	11		0	1.424316	1.408203	1709160269	
313	314			1	3.188965	0.2148438	1709160272	
314	315			0	1.821777	1.822266	1709160274	
315	314			0	4.821777	2.203857	1709160279	
314	313			1	3.14209	0.2150879	1709160282	
313	312	0,11,16,41		0	9.612793	4.456299	1709160291	
312	311			1	1.172363	0	1709160293	
311	316	11,12	25	0	0.5488281	0.5302734	1709160293	
316	27	11,12,16,0,41,3,4,1	25,26	0	8.165039	8.167236	1709160301	
27	26			1	1.50592	0	1709564784	
26	317	11,16,0,41,1	24	0	8.865723	8.317383	1709160312	
26	317	11,0,41	24	0	7.786133	7.422852	1709160532	
26	317	0,2,3,9,1,5	56	0	34.78851	33.98701	1709564701	
317	318			1	1.115723	0	1709160313	
318	319	11,0,41,2		0	9.82373	9.575439	1709160322	
319	320			1	3.175781	0.2150879	1709160326	
320	321	11		0	0.5463867	0.546875	1709160326	
321	322	11,0,41		0	10.33691	10.33789	1709160337	
322	323			1	1.200684	0	1709160338	
323	324	11,16,0,41,3,5		0	5.56543	5.434082	1709160344	
324	325			1	1.128418	0	1709160345	
325	326	11,0,41,3,5,26,2,1		0	24.83252	23.46753	1709160370	
326	327			1	1.23291	0	1709160371	
327	328	11,16,17		0	1.905273	1.888672	1709160373	
328	327	11,16,17,0,41		0	3.3125	3.313232	1709160376	
327	326			1	1.171875	0	1709160377	
326	329	11,0,41,26,28,3,4,1,16,17		0	21.78564	20.93945	1709160399	
329	330			1	1.103027	0	1709160400	
330	331	11,0,41,2,3,16,17		0	14.77588	10.23096	1709160415	
331	332			1	1.101563	0	1709160416	
332	333	11,16,17		0	1.887695	1.87207	1709160418	
333	334	11,16,17,0,41,6		0	6.096191	6.096191	1709160433	
334	333	11,16,17,0,41,6		0	7.899902	3.462402	1709160441	
333	109			1	44.59424	3.743652	1709160486	
109	28			1	10.25146	1.292725	1709160496	
28	27	0,11	26,25	0	4.190918	1.474365	1709160500	
28	27	11,0,41	26,25	0	8.143555	1.856201	1709160523	
28	27	0,10,11	26,25	0	4.074707	1.359131	1709161389	
28	27	0	56	0	9.59137	2.567825	1709564665	
26	335	11,16	24	0	2.003906	1.872803	1709160503	
26	335	11,0,10,13,16	24	0	2.070313	2.053955	1709161392	
335	336			1	1.376892	0	1709566277	
336	335			1	1.660858	0	1709566280	
335	26	11,0,41	24	0	3.644531	3.628174	1709160513	
335	26	3,9,1	56	0	47.8447	47.71252	1709566357	
318	337	11,0,41		0	3.130371	3.114502	1709160537	
318	337	0	56	0	5.498901	5.483032	1709564707	
337	338			1	1.427917	0	1709564708	
338	339	11,0,41,8		0	1.805176	1.789551	1709160540	
338	339	0,6,3,5,1	56	0	13.45178	13.4364	1709564722	
339	340			1	1.165527	0	1709160541	
340	341	11,0,41,8		0	4.008789	3.99292	1709160545	
341	342			1	1.118164	0	1709160546	
32	343	11,12		0	0.8623047	0.8449707	1709160630	
32	343	11,12	55	0	0.8620605	0.8450012	1709674982	
343	344	11,12,16	27	0	0.7333984	0.7290039	1709160631	
343	344	11,12,16	55,27	0	0.7009277	0.6958008	1709676602	
344	345	11,12,16	27	0	0.2490234	0.2485352	1709160631	
344	345	11,12,16	55,27	0	0.2648621	0.2650604	1709928747	
345	346	11,12,16	27	0	0.005371094	0	1709160631	
345	346	11,12,16	55,27	0	0.005859375	0	1709676602	
346	347	11,12,16,0,41,2,3,4,5	27	0	18.36816	16.55811	1709160650	
347	348			1	1.213867	0	1709160651	
348	349	11,0,41,39,2,3,5,1		0	23.93799	21.74243	1709160675	
349	350	11,0,41,39,2,3,5,1,4		0	14.39355	10.53979	1709160689	
350	351			1	1.103027	0	1709160690	
28	311	0,11	26,25	0	17.85986	2.367676	1709160723	
312	352	11,16		0	3.279785	3.263184	1709160727	
352	353			1	1.617188	0	1709162036	
353	354	11,16,12		0	2.850098	2.716797	1709160731	
354	355	11,16,12	28	0	0.4970703	0.4970703	1709160732	
355	356	11,16,12	28,29	0	1.092773	1.093018	1709160733	
356	357			1	1.424316	0	1709160734	
357	358	11,0,41,1		0	29.48584	14.16455	1709160764	
358	359			1	1.193359	0	1709160765	
359	360	11,16		0	2.335449	2.319092	1709160767	
360	361			1	1.09375	0	1709160769	
361	362	11,16		0	2.087402	2.070557	1709160771	
362	363			1	3.175781	0.2155762	1709160774	
363	364	0		0	1.191406	1.192871	1709160775	
364	365			1	1.119141	0	1709160776	
365	366	0,8,2,3,4,39,40,18,1,9		0	23.57373	21.73486	1709160800	
366	367	0,8,2,3,4,39,40,18,1,9,5		0	10.31885	6.659424	1709160810	
367	365	0,8,2,3,4,39,40,18,1,9,5,11		0	16.3999	11.58081	1709160826	
365	364			1	1.175781	0	1709160828	
364	368	11,0,41,26		0	4.19043	4.108398	1709160832	
368	369			1	1.124512	0	1709160833	
369	370	11,0,41,3,4,26,6,10,28		0	16.99658	16.51538	1709160850	
370	371	11,0,41,3,4,26,6,10,28,2,39,44,5,34		0	30.66309	25.39722	1709160885	
371	372			1	1.090332	0	1709160886	
372	373	11,0,41,26,34,3,9,1,2,5,39,4		0	43.56982	32.10352	1709160930	
367	244			1	9.859375	0.4299316	1709160948	
244	374	0,10,11,13,16		0	16.98047	7.107422	1709160965	
244	374	0,10,11		0	4.622372	1.755859	1709301118	
244	374	0,10	55,45	0	49.12354	3.429688	1709638242	
244	374	50	45,55	0	6.143267	3.28125	1710152742	
244	374	50,51,0,10,11	55,45	0	4.705269	1.835938	1710159428	
244	374	50,51,0,10,52	45,55	0	11.06312	8.203125	1710160117	
244	374	50,51,0,10,52,53,3,9,26,27,1,28	45,55	0	32.40536	29.67188	1710191223	
374	375			1	1.246868	0	1709301119	
375	376	11,16,17	19,20,18	0	4.92041	4.904053	1709160971	
376	377	11,16,17,0,10	19,20,18	0	31.8042	3.493164	1709161003	
376	377	11,12,0,10,13,6,7,33,26,29,15,8,16,17	55,38	0	0.729126	0.7295837	1709929010	
376	377	11,16,12,17,0,10,13,52,53,50,51,6,7,33,26,56,29,8	55,38	0	3.396118	1.09314	1710768699	
377	378			1	1.360107	0	1710155355	
378	379	11,0,10,13,14,15,16,17		0	4.224609	4.208008	1709161009	
378	379	11,0,10,13,14,15,16,17	55	0	4.110023	4.091797	1709635005	
378	379	11,0,10,13,14,15,16,17,50	55	0	46.95715	6.16217	1710768747	
379	380			1	3.288879	0.2153015	1709929018	
380	381	0,10,11		0	1.821289	1.706543	1709161014	
380	381	19,0,10,11	55,64	0	6.609474	4.572266	1709635015	
380	381	0,10,11,16	55	0	1.423889	1.275696	1709929020	
380	381	50,51,0,10,11	55	0	1.125854	1.127014	1710768751	
381	382			1	1.230713	0	1709929021	
382	383	11,16,17,6,0,10		0	10.3374	10.32104	1709161025	
382	383	11,16,17	55,65	0	3.363213	3.347656	1709635019	
382	383	11,16,17,6,0,10	55	0	6.675781	6.660309	1709929028	
382	383	11,16,17,6,50,51,0,10	55	0	12.5741	12.55756	1710768765	
383	384			1	1.101868	0	1709929029	
384	385	11,0,10,13,26		0	15.39063	5.236328	1709161042	
384	385	11,0,10,13,26	55	0	20.64148	9.423859	1709929049	
384	385	11,0,10,13,52,26,50	55	0	19.2832	8.64624	1710768785	
385	386			1	2.861816	0	1709929052	
386	387	0,10,26,28,15,11,13,14,3,5,9,1,2,39,38		0	84.92334	55.53076	1709161129	
386	387	0,10,26,28,15,11,3,5,13,9,19,2	55	0	45.22974	21.45947	1709929098	
386	387	0,10,26,28,50,15,11,13,14,3,5,9,19,1,2,52,6	55	0	71.97192	42.21539	1710768860	
387	276			1	6.754089	0	1709929104	
276	388	0,10,11,16		0	5.962891	5.94751	1709161142	
276	388	0,10,11,16,13	55	0	8.512878	8.49826	1709929113	
276	388	50,51,0,10,11,16	55	0	6.012085	5.99762	1710768515	
388	389			1	0.0001220703	0	1709929113	
389	390			1	7.30127	0	1709161149	
390	1			1	4.695313	1.408691	1709161154	
1	134			1	7.479004	0.1987305	1709161162	
134	391	0,10,11,16,13,14,15	5	0	8.747559	6.030029	1709161170	
134	391	11,16,0,41,3,9,1,20,22,21,7	55	0	49.43419	49.4339	1710011700	
391	392			1	1.03125	0	1709161171	
392	393	3,9,26,27,0,10,11,16		0	22.24854	20.75806	1709161194	
392	393	3,4,26,9,27,0	55	0	12.4579	11.99319	1710011713	
393	394			1	1.091797	0	1709161195	
394	393			1	1.076172	0	1709161202	
394	395	11,0,10,13,14,15,3,26,9,27		0	13.75049	12.59106	1709161218	
395	396			1	2.697266	0	1709161220	
396	397	0,10,11,13,14,15,3,5,9,26,2,1,4		0	104.957	66.53711	1709161325	
397	276			1	6.717285	0	1709161332	
276	398	0,10,11,16,13		0	8.015625	8.001465	1709161340	
276	398	50,51,0,10,11,16,13,52	55	0	8.645996	8.631287	1710768875	
398	399			1	0	0	1709161340	
399	400			1	7.049316	0	1709161347	
400	1			1	4.904297	0.895752	1709161352	
1	401	0,10		0	4.140625	1.424561	1709161356	
1	401			0	3.810562	0.9453125	1709199171	
1	401	0,10	55	0	3.794012	0.9277344	1709981462	
1	401	50,51,0,10	55	0	3.910156	1.043762	1710769313	
1	401	50,3,0,58,56	55	0	1.970703	1.971313	1710781361	
1	401	50,0,58	55	0	7.0625	1.524452	1710781953	
401	1	0,10		0	8.145508	1.872559	1709161364	
401	1	0,10	55	0	1.424316	1.425049	1709679527	
401	1	0,10,11	55	0	49.30373	4.119141	1709981512	
401	1	50,51,0,10	55	0	15.12891	1.788208	1710769328	
1	28			1	22.88428	0.9609375	1709162015	
336	402	11,0,10,13,26,28		0	7.553711	7.290283	1709161401	
402	403			1	1.208496	0	1709161402	
403	404	11,2,26,34,28,0,10		0	3.792969	3.578613	1709161406	
404	405			1	1.242188	0	1709161407	
405	406	11,16,0,10,13		0	5.350586	5.101807	1709161413	
406	407			1	1.118164	0	1709161414	
407	408	11,0,10,13		0	8.44873	8.431641	1709161422	
407	408	11,16,0,10,13,52,53,50	55	0	7.107666	7.090576	1710770493	
408	409			1	3.199463	0.2149658	1710770496	
409	410	11,16,0,10,39,26,43		0	8.01709	6.609863	1709161433	
409	410	11,16,0,10,13,52,19,26,51	55	0	5.184814	5.135376	1710770501	
410	411			1	1.310547	0	1710770502	
411	412	11,16,0,10,13		0	7.901367	7.885498	1709161442	
411	412	11,0,10,13,56	55	0	14.70874	13.50232	1710770517	
412	413	11,16,0,10,13		0	15.24121	0.2814941	1709161458	
412	413	11,0,10,13,56	55	0	13.55615	0.2980957	1710770531	
413	414	11,16,0,10,13,3,5,9,2,1,39		0	45.646	31.7124	1709161503	
413	414	11,0,10,13,56,26,50,51,3,5,9,19,2,52,6,15	55	0	73.88062	37.46179	1710770604	
414	415			1	16.71387	0	1709161520	
415	416			0	6.251953	2.187256	1709161526	
415	416	50,51,0,10,52,53	55	0	4.911133	1.557373	1710770625	
416	276			1	10.30322	0	1710770635	
276	417	0,10,11,16		0	32.91162	9.923828	1709161570	
276	417	50,51,0,10,11,16	55	0	8.983154	6.842163	1710770454	
417	418			1	0	0	1709161570	
418	416			1	10.72656	0	1709161580	
416	419	0,10,11		0	4.687988	4.688477	1709161585	
416	419	50,51,0,10,52,11	55	0	3.958984	3.942871	1710770659	
419	420			1	1.223877	0	1710770661	
420	421	11,0,10,13,3,26,9,27,16		0	7.984863	7.73584	1709161594	
420	421	11,0,10,13,3,5,26,9,27,51,16	55	0	6.460693	6.196655	1710770667	
421	422			1	1.310059	0	1709161595	
422	423	11,0,10		0	2.849121	2.070801	1709161598	
422	423	11,50,51,0,10,13	55	0	3.18042	2.468018	1710770671	
423	424	11,0,10,13		0	3.296387	3.296875	1709161602	
424	425			1	1.097656	0	1709161603	
425	426	11,0,10,13,2,3,5,16		0	10.66797	10.1001	1709161613	
426	427			1	1.116699	0	1709161614	
427	428	11,16,17,0,10,13,23,8		0	7.669922	7.653809	1709161622	
428	429			1	1.019531	0	1709161623	
429	8	26,34		0	8.54834	7.289551	1709161632	
8	430	26,34		0	0.7114258	0.7121582	1709161632	
8	430	11,26,34,28,44	55	0	121.9231	1.537415	1709676779	
430	8	26,34		0	22.0166	5.731934	1709161654	
430	8	11,26,34,28,44	55	0	450.7461	1.682495	1709677291	
8	431	26,34		0	7.39209	1.789307	1709161662	
8	431	11,26,34,28,44,0	55	0	177.5	8.845642	1709677469	
8	431	0,10	55	0	14.16455	3.147644	1709679546	
8	431	0,10,11	55	0	0.8782959	0.8789063	1709841299	
8	431	50,51,0,10,11	55	0	4.10791	1.259155	1710770180	
431	432			1	1.179321	0	1709841300	
432	433	3,26,9,27		0	6.476563	6.212646	1709161669	
432	433	3,26,9,27	55	0	2.335449	2.086914	1709679549	
432	433	11,0,10,13,3,26,9,27	55	0	2.965088	2.586182	1710770184	
433	434			1	1.525879	0	1709161671	
434	435	0,10,11		0	2.15332	2.137695	1709161673	
434	435	0,10,11,13	55	0	620.436	8.301361	1709678093	
434	435	50,51,0,10,11	55	0	261.8589	3.247925	1710769920	
434	435	50,51,0,10,11,3	55	0	4.091309	2.898804	1710770190	
435	436			1	1.907227	0	1709679664	
436	435			1	0.9892578	0	1709161683	
436	437	30,31		0	18.48828	10.41992	1709161713	
436	437	30,31	55	0	29.12744	13.78314	1709678434	
437	438			1	1.850098	0	1709678436	
438	439	30,3,26,9,27,2,45		0	40.38867	30.74585	1709161755	
438	439	30,3,26,9,27,50,2,20,22	55	0	32.6521	22.43274	1710769995	
438	439	30,3,26,9,27,50,2,57	55	0	35.53564	25.68872	1710770260	
439	440			1	2.048828	0	1709678634	
440	441	30,32,37		0	12.19336	8.28418	1709161769	
440	441	30,32,37	55	0	31.82471	9.310425	1709678666	
441	440	30,32,37	30	0	1.423828	1.424072	1709161770	
440	439			1	1.965576	0	1710770290	
439	438	30,32		0	12.78076	9.774414	1709161785	
439	438	30	55	0	14.97144	8.747559	1710770305	
438	437			1	1.801514	0	1710770307	
437	442	30,32,37		0	7.720215	7.703125	1709161795	
442	443	30,32,37	31	0	2.351563	2.352783	1709161797	
442	443	30,0,10,23,32,37	55,31	0	2.335449	2.33606	1710770323	
443	444			1	1.708252	0	1710770325	
444	445	30,32,37		0	2.816406	2.800293	1709161801	
444	445	30,32,37	55	0	6.868164	3.313354	1710770332	
445	446	30,32,37	32	0	1.291504	1.291992	1709161803	
445	446	30,32,37	55,32	0	1.142334	1.143066	1710770333	
446	447			1	1.909668	0	1709161805	
447	448	30,31,32,39,2,3,9,0,10,1,5,4		0	119.7476	67.26489	1709161924	
447	448	30,31,32,50,3,4,2,19,9,0,10,5,15	55	0	103.6272	56.28271	1710770438	
448	276			1	6.795898	0	1709161931	
276	449	0,10,11,16,13		0	12.05859	12.04395	1709161943	
276	449	50,51,0,10,11,16,13	55	0	9.904053	9.890015	1710770645	
449	450			1	0	0	1709161943	
450	451			1	7.118164	0	1710770461	
451	1			1	6.202148	1.408203	1709161956	
1	452	0,10,11,13,15		0	8.432129	5.716064	1709161965	
452	453			1	1.026855	0	1709161966	
453	454	0,10,26		0	7.223145	1.110107	1709161973	
454	455	0,10,26		0	14.62012	1.241211	1709161988	
455	453	0,10,26,11,13		0	1.175781	1.17627	1709161989	
453	452			1	1.342285	0	1709161990	
452	1	8,0,10		0	1.988281	1.971436	1709161992	
28	456	0,10,11,16,13	26,25	0	5.217773	2.501709	1709162020	
28	456	0	56	0	1.937813	1.938686	1709507548	
456	311	0,10,11,16,13	26,25	0	10.146	2.583252	1709162030	
312	457	11,16		0	2.468262	2.452881	1709162034	
457	352	11,16		0	0.762207	0.7609863	1709162035	
353	458	11,16	29,28	0	3.097656	3.082031	1709162040	
458	459			1	1.158234	0	1709928723	
459	0	11		0	1.226074	1.209473	1709162042	
459	0	11	55	0	1.242096	1.225998	1709928725	
0	459	11		0	1.473633	1.474365	1709162043	
0	459	11	55	0	1.507568	1.507599	1709676562	
459	458			1	1.077637	0	1709162045	
458	460	11,0,10,13,23	29,28	0	9.822754	9.806885	1709162054	
460	461			1	1.133301	0	1709162055	
461	462	0,10,26		0	1.672852	1.591309	1709162057	
462	463	0,10,26,34,7,11		0	16.96436	9.857666	1709162074	
463	464			1	1.233887	0	1709162075	
464	465	11,0,10,2,3,9,1		0	107.25	87.37329	1709162183	
465	464	11,0,10,2,3,9,1		0	2.915527	2.086426	1709162186	
464	463			1	1.259766	0	1709162187	
0	466	0,10,3,5,1,11		0	10.58252	4.803711	1709162203	
466	467			1	8.515137	0.01708984	1709162211	
467	468	0,10,15,11		0	5.937012	4.273193	1709162217	
468	469	0,10,15,11,3,9,26,27,1		0	14.03271	13.1709	1709162231	
469	470			1	1.399902	0	1709162233	
470	471	3,26,9,27,28,0,10,2,5		0	20.51563	16.25073	1709162253	
471	472			1	4.345215	0.5134277	1709162258	
472	473	0,10,11,16,13		0	11.11523	9.243896	1709162269	
473	474			1	1.12793	0	1709162270	
474	475	11,16,0,10,13		0	1.689453	1.67334	1709162272	
475	476			1	4.438477	0.513916	1709162276	
476	477	39,3,26,9,27,28,44,0,10,11,16,13,5,1		0	23.17725	21.81787	1709162299	
477	478			1	4.299805	0.513916	1709162303	
478	479	0,10,11		0	0.4633789	0.463623	1709162304	
479	480	0,10,11		0	0.5625	0.5632324	1709162304	
480	479	0,10,11		0	9.812012	1.17627	1709162314	
479	481	0,10,11		0	19.6958	6.559814	1709162334	
479	481	3,9,1	55	0	38.74469	5.201172	1709564254	
481	482			1	1.628738	0	1709564255	
401	2	0,10,11,13		0	16.94775	4.986328	1709199193	
401	2	0,10,11	55	0	164.0909	10.32617	1709981749	
23	22			1	1.000122	0	1709200400	
22	38	0		0	2.037354	2.021166	1709200402	
22	38	0	56	0	2.037598	2.021133	1709921678	
40	39	0,7,3,4		0	10.4231	4.456612	1709200416	
40	39	0,3,4	56	0	10.99176	4.157736	1709921693	
38	22	0		0	1.722412	1.70702	1709200419	
38	22	0	56	0	2.269653	2.252991	1709921840	
62	2	0		0	13.04057	5.085632	1709211868	
3	483	0,1,3,4,9,5,2		0	44.28279	41.51468	1709211913	
3	483	2,3,4,9,0,1	34,35,36,37	0	50.19908	48.45419	1709212116	
483	3	0,1,3,4,9,5,2	33,34	0	12.40784	12.40897	1709211940	
483	3	2,3,4,9,0,1	34,35,36,37,33	0	11.43028	11.43115	1709212131	
484	61			0	1.259861	1.242523	1709212057	
62	1			0	1.890767	1.87294	1709212060	
62	1	3	55	0	591.1027	11.13391	1709567907	
62	1	11,0,10,13	55	0	6.29541	1.589844	1709908290	
1	244			1	7.648832	0.1328125	1709301113	
375	485	11,0,10,13,6,16,17	38	0	7.371429	7.355469	1709301127	
485	486			1	1.245239	0	1709929132	
486	487	11,0,10,13,6,26,28,29,15,2		0	11.09881	10.68164	1709301139	
486	487	26,29,0,10,15,2,3,4		0	32.83789	11.57227	1709301625	
486	487	39,38,8,0,10		0	8.381714	8.367188	1709302234	
487	488			1	1.231873	0	1709301627	
488	487			1	1.2229	0	1709301629	
487	486	3,0,10,19,46,38,2		0	25.39647	24.27344	1709301176	
487	486	39,47,46,38,18,8,0,10,6,15		0	593.0035	549.5547	1709302222	
486	485			1	1.118042	0	1709302224	
488	489	0,10,39		0	25.5531	17.10352	1709302260	
489	490			1	1.022583	0	1709302261	
490	491	39,6,38		0	8.694214	8.677734	1709302270	
491	492			1	1.052979	0	1709302271	
492	141	0,10,11,42,16		0	15.78711	15.77344	1709302287	
141	138	11,42,16		0	13.33533	13.32031	1709302304	
138	137			1	1.211426	0	1709302305	
48	26	0,1,3,5		0	2.628735	2.634047	1709305955	
48	26	3,0,5,1	56	0	9.057495	9.061951	1709564806	
48	26	0,1,3,5,8	56	0	2.19902	2.203032	1710005749	
62	64	0		0	3.15065	1.938286	1709306027	
62	64	0	55	0	3.366211	2.003975	1709845784	
64	493	0		0	2.335022	2.319008	1709306046	
64	493	0	55	0	1.804932	1.789436	1709928570	
64	493	50	55	0	2.980469	2.96524	1710780099	
493	6	0,11,16,17		0	7.133057	7.049835	1709306061	
493	6	0,11,16,17	55	0	9.266953	4.257111	1710005848	
7	494	11,16,17		0	1.412033	1.391609	1709306064	
7	494	11,16,17	55	0	1.429169	1.408028	1710005851	
7	494	50,26,28,56,29,0,10,52,3,5,1	55	0	6.150391	6.063614	1710781448	
494	495	11,16,17		0	6.178894	5.848686	1709306070	
494	495	11,16,17	55	0	6.276688	6.031242	1709928588	
494	495	50,26,28,56,29,0,10,52,3,5,1,15,6,58,9,8,4	55	0	41.31738	37.13242	1710781489	
495	496	11,16,17		0	0.003570557	0	1709306070	
495	496	11,16,17	55	0	0.0050354	0	1709928588	
495	496	50,26,28,56,29,0,10,52,3,5,1,15,6,58,9,8,4	55	0	0.005859375	0	1710781489	
496	105	11,16,17		0	4.051147	4.058273	1709306074	
496	105	11,16,17,6,0	55	0	4.645782	4.655022	1709928593	
496	105	50,26,28,56,29,0,10,52,3,5,1,15,6,58,9,8,4	55	0	5.410156	5.355896	1710781494	
106	497	11,0,41,25,16,17		0	3.882736	3.860565	1709306079	
106	497	11,0,41,8,16,17	55	0	4.841553	4.821548	1709676275	
106	497	11,0,41,16,17	55	0	5.339355	5.318039	1709845838	
106	497	11,0,41,3,5,25,16,6,17	55	0	7.692047	7.555328	1710005873	
497	498	11,0,41,25,16,17		0	0.06466675	0.06599426	1709306079	
497	498	11,0,41,8,16,17	55	0	0.2316895	0.2312775	1709676276	
497	498	11,0,41,16,17	55	0	0.4804688	0.4802322	1709845838	
497	498	11,0,41,3,5,25,16,6,17	55	0	0.09936523	0.09899902	1710005873	
497	498	50,0,58,3,55,26,56,29,10,52,53,28,1,9	55	0	0.00390625	0	1710781527	
498	113	11,0,41,25,16,17,6,3		0	11.74066	11.21555	1709306091	
110	109	11,0,41,26,28		0	11.60524	3.46167	1709306117	
110	109	0,3,26	55	0	1.442291	1.375168	1709928832	
110	109	50,0,10,3,5,54,23,1,51,52	55	0	15.34665	2.453125	1710503625	
207	269	11,16		0	5.052246	5.03698	1709306129	
207	269	11,16	55	0	5.698059	5.484161	1709928851	
207	269	50,51,0,10	55	0	8.87915	8.863281	1710505498	
32	499	3,4,2,0,5		0	29.6384	28.88993	1709310813	
499	500	3,4,2,0,5	41	0	0.001235962	0	1709310813	
499	500	3	41	0	0.0001525879	0	1709310970	
499	500	3,1,0	41	0	0.001159668	0	1709317769	
500	33	3,4,2,0,5	41,42	0	2.13485	0.5300751	1709310815	
500	33	3,1,0	41,42	0	2.135849	0.5301437	1709317772	
500	33	3,4,1,0	42	0	9.542366	7.935188	1709319393	
500	33	3,4,1	42	0	4.803406	3.197266	1709319873	
500	33	11,12,16,0,41,2,3	55,42,27	0	2.219238	0.613739	1709675002	
500	33	11,12,16,0,41,3,1,2	55,42,27	0	2.136475	0.5301208	1709676620	
52	51			1	1.382996	0	1709311459	
51	499	3		0	15.93643	15.688	1709310970	
51	499	3,1,0		0	13.10437	12.85591	1709317769	
500	51	3	41,42	0	484.1115	10.73522	1709311454	
33	51	3,1,0	41,42	0	13.2149	7.338783	1709317785	
33	51	3,4,1,0	42	0	10.99997	11.00035	1709319404	
33	51	3,4,1	42	0	8.052368	8.051468	1709319881	
33	51	11,12,16,0,41,2,3	55,42,27	0	5.702393	3.628052	1709675008	
33	51	11,12,16,0,41,3,1,2	55,42,27	0	8.022217	5.78183	1709676628	
51	500	3,4,1,0		0	13.12014	12.87377	1709319383	
51	500	3,4,1		0	13.20374	12.95576	1709319868	
30	501			0	10.51852	10.50301	1709402814	
501	30		44	0	9.260624	9.260986	1709402823	
244	285			1	8.185303	0.1152344	1709403764	
285	283			0	4.886902	4.886719	1709403774	
285	283		58,55	0	239.6767	5.78125	1709489289	
283	285			0	3.313049	3.296875	1709403780	
283	285		58,55	0	5.135183	5.119141	1709489344	
287	502	3,25,2,0,10,26,9,27,6	46,47	0	25.479	24.16016	1709403836	
502	503			1	1.346558	0	1709403837	
503	504	0,10,15,3,5,25,8,9,23,1		0	36.4198	27.48633	1709403873	
504	505			1	1.026367	0	1709403874	
505	504			1	1.004395	0	1709403876	
145	511	3,9,0,10,15,1,8,23,5	48,51	0	36.95947	36.59375	1709418986	
511	145	3,9,0,10,15,1,8,23,5	52,48,51	0	10.30469	10.30469	1709418996	
145	144	0,10	48,51,52	0	92.95459	49.7832	1709419092	
289	292	3,4	22,50,21	0	5.101074	5.103516	1709419460	
293	512	0,10,11,42,16,13,26,28,44,14,15,2,3,5,4	53	0	39.95801	38.63867	1709419501	
512	513			1	1.098145	0	1709419502	
513	514	3,9,0,10		0	19.58057	14.14844	1709419522	
514	515			1	1.07959	0	1709419523	
515	516	0,10,23,3,5,1,9		0	10.96631	10.83594	1709419534	
516	515	0,10,23,3,5,1,9	54	0	3.76123	3.759766	1709419538	
515	514			1	0.9985352	0	1709419539	
514	513	3,26,9,27,0,10,11,16		0	17.17871	16.98047	1709419556	
513	512			1	1.185547	0	1709419557	
512	293	11,0,10,13,3,42,16,6,26,28	53	0	17.51318	17.43164	1709419575	
134	285			1	7.368113	0.1484375	1709486691	
285	517	0,10,15,3,5,25,26	58,55	0	89.78885	7.238281	1709489434	
145	518	3	61,55,48,51,52	0	4.025131	4.007813	1709499634	
145	518	0,3,5	55,62,48	0	3.396362	1.209137	1710011572	
518	145	3	62,55,48,51,52	0	4.521881	4.408203	1709499638	
134	28			1	8.128418	0.3964844	1709503328	
456	28	0	56	0	14.00542	5.549873	1709507542	
456	28		56	0	2.004883	2.004566	1709507561	
456	29	0	56	0	2.601021	2.60178	1709507556	
29	456		56	0	1.109459	1.093395	1709507559	
28	479			1	7.546371	0.06640625	1709564209	
519	18		56	0	5.416809	5.400368	1709564553	
519	18	0	56	0	3.064575	3.048266	1709565036	
18	17		56	0	6.096191	6.080024	1709564996	
18	17	0	56	0	3.842957	3.826723	1709565043	
26	47	3	56	0	7.179626	7.156906	1709564791	
55	54			1	1.372192	0	1709564889	
56	58			1	20.4093	9.013489	1709564963	
25	335	0,3,1,2,9	56	0	115.1179	104.2444	1709566275	
26	48	3,9,1,0,5	56	0	9.631042	9.608704	1709566378	
48	47	3,9,1,0,5	56	0	14.61053	14.61203	1709566393	
47	26	3,9,1,0,5	56	0	6.754486	6.759277	1709566400	
47	26	3,0,1	56	0	2.264404	2.270004	1709568351	
520	41	3,9	56	0	7.159485	7.024582	1709566766	
520	41	3,4,1	56	0	38.88867	10.76746	1709568181	
42	22	3,1	56	0	19.87628	19.8801	1709566846	
42	22	3	56	0	4.021973	4.026306	1709568279	
25	317	0,1,2,3,9,4	56	0	246.9635	167.1869	1709567211	
318	317			1	1.282349	0	1709567220	
317	26	0,3,4,1	56	0	7.636597	7.620941	1709567228	
521	47	3,0,1	56	0	30.73145	25.33223	1709568349	
479	244			1	30.95489	2.535156	1709634974	
375	377	0,10,11,16,17	55,38,63	0	56.63623	7.205078	1709638300	
375	377	50,51,0,10,3,5,6,52,11,16,17	55,63,38	0	11.92682	11.79492	1710152755	
375	377	11,16,17	55,63,38	0	5.847054	5.832031	1710159435	
375	377	50,51,0,10,52,53,11,16,17,6	55,63,38	0	16.4491	16.43359	1710160134	
375	377	50,51,0,10,11,16,17	55,63,38	0	6.278175	6.265625	1710191231	
244	10			1	9.894272	0.1992188	1709635119	
12	228	0,10,11,13,3,5,1,40,18,2,4,16,17	0,55,1,3,2	0	59.85449	28.91211	1709635187	
228	227			1	1.226654	0	1709635188	
228	12	0,10,15,11,13,16	2,55,3,1,0	0	206.6031	20.51758	1709635413	
12	11			1	1.104614	0	1709635414	
11	10	11,0,10,13	55	0	3.06485	3.048828	1709635417	
10	423			1	5.668671	0.265625	1709635423	
423	522	0,10,11	55	0	5.119202	2.251953	1709635428	
522	523			1	1.476746	0	1709635430	
523	522			1	1.203125	0	1709637534	
522	423	11	55	0	1.623779	1.607422	1709637536	
423	134			1	32.56201	0.25	1709637570	
134	133	3,26,9,27,28,44,0,10,11,13	55,5,39	0	8.300049	8.298828	1709637903	
134	133	50,51,0,10,11,16	39,55,5	0	4.438965	1.578125	1710507380	
144	518	11,0,10,13,3,5,1,4	55,52,51,48,62	0	7.885986	7.636719	1709637989	
518	144	11,0,10,13,3,5,1,4	55,52,51,48,61	0	6.824463	6.710938	1709637996	
518	144	0,3,5,2,1,11,16,41,26,28	55,61,48	0	26.10813	21.25204	1710011598	
143	134	11,16,0,10,13	5,55,39	0	6.859131	6.841797	1709638004	
134	524	11,16,0,10,13	5,55,39	0	3.352051	3.345703	1709638007	
524	288	11,16,0,10,13	5,55,39	0	1.800293	1.806641	1709638009	
289	130	0,10,11,13,16	55,22,50,21	0	6.625488	6.626953	1709638019	
134	244			1	4.624268	0.2167969	1709638193	
378	525	11,0,10,13,14,15,16,6,17	55	0	61.00586	11.21484	1709638362	
378	525	11,0,10,13,14,15,16,52,17	55	0	17.49449	17.36133	1710152523	
378	525	11,0,10,13,14,15,3,5,23,50,51,16,17,52,6,2,8	55	0	39.85834	39.19531	1710152796	
378	525	11,0,10,13,14,15,16,17	55	0	3.296463	3.28125	1710159439	
378	525	11,0,10,13,14,15,50,51,16,17	55	0	4.456768	4.4375	1710160140	
525	526			1	1.22168	0	1710156998	
526	527	11,0,10,13,14,15,3,2,5	55	0	4950.99	32.16406	1709643314	
526	527	11,0,10,13,14,15,2,50,3,1,51,52	55	0	15.38363	14.81445	1710152540	
526	527	50,51,0,10,52	55	0	6.27951	6.261719	1710152803	
526	527	11,0,10,13,14,15,3,50,51,5,52	55	0	24.63351	24.26953	1710159465	
526	527	11,0,10,13,14,15,3,5,50,1,51,52	55	0	14.56158	14.19531	1710160155	
526	527	11	55	0	3.112953	3.097656	1710191268	
527	528			1	1.3125	0	1709643316	
106	498	11,0,41,3,25,16,17	55	0	5.690918	5.550034	1709673575	
106	498	11,0,41,3,5,25,16,17	55	0	3.302216	3.16346	1709928597	
498	497	11,0,41,3,25,16,17	55	0	1.105591	1.110001	1709673576	
498	497	11,0,41,3,5,25,16,17	55	0	0.01591492	0.01688385	1709928597	
497	113	11,0,41,3,25,16,17,6	55	0	5.546814	5.549561	1709673581	
115	529	11,16,17,0,41,2,3,9,1	55	0	7.256226	6.387985	1709673604	
115	529	11,16,17,0,41,2,3,9	55	0	16.17114	6.403381	1709676311	
529	116	11,16,17,0,41,2,3,9,1	55,66	0	2.136414	0.513031	1709673606	
529	116	11,16,17,0,41,2,3,9	55,66	0	2.135742	0.5133362	1709676313	
118	530	11,16,17,0,41,2,3,9,1,26,29,10,15,7,5,8,6	55,66	0	21.55109	18.02591	1709673664	
530	531	11,16,17,0,41,2,3,9,1,26,29,10,15,7,5,8,6	55,66,67	0	2.930054	1.209167	1709673666	
530	531	11,16,17,0,41,2,3,9,26,29,10,5,28,6	55,66,67	0	2.698242	0.9776154	1709676334	
530	531	11,16,17,0,41,6,26,29,10,15,3,5	55,67	0	2.864746	1.142479	1709845883	
530	531	11,16,17,0,41,6,26,29,10,3,5	55,67	0	2.89682	1.176201	1709928643	
531	298	11,16,17,0,41,2,3,9,1,26,29,10,15,7,5,8,6	55,66,67	0	8.395813	4.688995	1709673675	
531	298	11,16,17,0,41,6,26,29,10,3,5	55,67	0	7.344147	4.390976	1709928651	
531	298	11,16,17,0,41,6,26,29,10,3,5,7	55,67	0	7.554474	4.010445	1710005923	
299	302	11,16,0,41	55	0	19.53735	11.04926	1709673696	
299	302	11,16	55	0	4.571533	4.556046	1709676356	
304	532	11,12,16,0,41,3,5,26,28,29,10	55,23	0	18.34448	9.227325	1709673716	
532	533	11,12,16,0,41,3,5,26,28,29,10	55,23	0	5.048401	3.015808	1709673721	
532	533	11,12,16,0,41,3,5,26,28,29,10,8	55,23	0	5.369873	2.78392	1709676371	
533	303	11,12,16,0,41,3,5,26,28,29,10	55,68,23	0	1.125244	1.126129	1709673722	
533	303	11,12,16,0,41,3,5,26,28,29,10,8	55,68,23	0	2.002441	2.004562	1709676373	
303	302			1	1.197266	0	1709676374	
302	300	11,16	55	0	2.302063	2.286011	1709673726	
301	77	11,16,0,41	55	0	3.064026	2.932312	1709673730	
77	301	11,16,0,41	55	0	5.616516	1.689606	1709673740	
300	361	11,16,0,41	55	0	8.849548	3.595612	1709673750	
300	361	11,16	55	0	3.031494	3.015366	1709676388	
361	360			1	1.125458	0	1709928663	
360	359	11,16	55	0	1.755432	1.739059	1709928664	
359	358			1	1.439209	0	1709928666	
358	534	11,16	55	0	1.042725	1.02713	1709676393	
358	534	11,16,0	55	0	9.922882	2.435547	1710005949	
534	535			1	1.182343	0	1709928668	
535	536	0,11,12	55	0	0.8128052	0.795105	1709673765	
535	536	11,12	55	0	0.7309875	0.7127075	1709928669	
536	535	0,11,12,16,2,3,5,9,41	55,69	0	33.10193	15.23987	1709673798	
536	535	11,12,16,0,26,2,3,5,9	55,69	0	43.76685	11.95941	1709676439	
536	535	11,12,16,0,2,3,5,9	55,69	0	29.94238	11.69347	1709928699	
536	535	11,12,16,0,26,2,3,5,9,1	55,69	0	29.04031	12.65431	1710005980	
535	534			1	1.083496	0	1709928700	
534	537	11,0,41,16,2,3,9	55	0	287.6555	32.23621	1709674087	
537	538	11,0,41,16,2,3,9	55	0	439.7311	13.63342	1709674526	
538	539	11,0,41,16,2,3,9,26,28,34,44,7,29,10	55	0	9.023682	8.763275	1709674535	
538	539	11,16,0,41,2,3,9,26,28,34,29,10,5,44	55	0	32.66309	31.94302	1709676502	
539	540	11,0,41,16,2,3,9,26,28,34,44,7,29,10,8,5	55	0	14.07861	11.79483	1709674550	
540	357	11,16,0,41,2,3,9,26,28,34,29,10,5,44,7,8	55	0	38.21411	2.9487	1709676554	
540	357	11,16,0,41,26,7,8,3,5	55	0	5.236633	2.302826	1709928717	
357	356			1	1.512329	0	1709674557	
356	355	11,12	55	0	0.4648438	0.447998	1709674557	
355	458	11,12,16	55,29	0	2.56665	2.567352	1709676558	
458	55	11,16	55,29	0	3.130127	3.114075	1709674568	
458	55	11,16	55,29,79	0	3.08075	3.064987	1709928730	
54	37	11,0,41,26,28	55,4	0	381.6449	5.13562	1709674951	
54	37	11,0,41,26,16	55,4	0	4.380371	4.291016	1709676572	
35	541	11,0,41,26,28,29,10	55	0	6.791748	6.643005	1709674962	
541	35	11,0,41,26,28,29,10	55	0	3.24707	1.309387	1709674966	
541	35	11,0,41,26,28,29,10,8	55	0	3.181152	1.242126	1709676586	
34	50	11,0,41,26,28,44,3,5	55,4	0	8.18335	7.621216	1709674975	
34	50	11,0,41,26,3,5,28	55,4	0	7.504639	7.074921	1709676594	
344	346	11,12,16	55,27	0	0.2487793	0.249054	1709674983	
346	345	11,12,16	55,27	0	0.005859375	0	1709674983	
345	500	11,12,16,0,41,2,3	55,27	0	17.62207	15.28964	1709675000	
53	542	11,0,41,2,3,4,26,28,34	55	0	662.25	10.12277	1709675684	
53	542	11,0,41,3,5,26,28,34,29,10,16	55	0	9.14502	5.881714	1709676645	
542	543			1	1.139282	0	1709928761	
543	544	11,0,41	55	0	0.5793457	0.5636597	1709676647	
544	545	11,0,41,7	55	0	479.7803	4.870392	1709676165	
544	545	11,0,41,16	55	0	4.391846	2.683044	1709676651	
544	545	11,0,41,7,16	55	0	2.087036	2.087906	1709928763	
545	546			1	1.222748	0	1709928764	
546	8	11,26,34,28,44	55	0	4.622803	3.67865	1709676657	
546	8	11,26,34	55	0	3.711243	2.799545	1709928768	
1	8			1	4.691162	0.04995728	1709676208	
498	107	11,0,41,8,16,17,6,3	55	0	6.473145	6.278824	1709676282	
498	107	11,0,41,16,17,6,3,25	55	0	8.029297	7.918922	1709845846	
498	107	11,0,41,3,5,25,16,6,17	55	0	4.765594	4.572556	1710005878	
117	530	11,16,17,0,41,2,3,9,26,29,10,5,28,6	55,66	0	13.4873	11.44749	1709676332	
531	118	11,16,17,0,41,2,3,9,26,29,10,5,28,6	55,66,67	0	7.166992	2.235352	1709676342	
118	298	11,16,17,0,41,2,3,9,26,29,10,5,28,6	55,66,67	0	8.614014	5.632339	1709676350	
346	500	11,12,16,0,41,3,1,2	55,27	0	15.70972	15.15833	1709676618	
435	547	3,26,9,27,30,0,10,11	55	0	9.515625	8.399323	1709678398	
547	548			1	1.251465	0	1709678399	
548	547			1	1.180664	0	1709679555	
547	435	11,30	55	0	3.09668	3.081116	1709678404	
547	435	11,16	55	0	2.070313	2.05426	1709679558	
438	549	30,3,26,28,9,27,6,44,29,0,10,15,5	55	0	44.61279	34.95718	1709678481	
438	549	30,3,26,28,9,27,0,10	55	0	15.95313	7.370605	1709679700	
549	550	30,3,26,28,9,27,6,44,29,0,10,15,5,2,4,1,11	55	0	13.29199	8.480804	1709678494	
549	550	30,3,26,28,9,27,0,10,1,11	55	0	12.40137	7.375793	1709679712	
550	551			1	1.246094	0	1709678495	
551	550			1	1.185547	0	1709678497	
550	552	11,2,0,10,3,5,9,1	55	0	11.71729	7.375122	1709678509	
552	439	11,2,0,10,3,5,9,1,26,27,28	55	0	101.9663	31.80475	1709678611	
441	553	30,32,37	55,30	0	5.931152	5.931763	1710770280	
553	554	30,32,37	55,70,30	0	1.788086	1.789368	1709678673	
553	554	30,32,37,50	55,30,70	0	1.605469	1.606934	1710770015	
554	555	30,32,37,0,10	55,70,30	0	9.25	6.809143	1709678682	
554	555	30,32,37,50,0,10,11	55,30,70	0	9.326416	7.322632	1710770025	
555	556	30,32,37,0,10	55,70,30,71	0	2.865723	2.865967	1709678685	
555	556	30,32,37,50,0,10,11	55,30,70,71	0	1.423828	1.424927	1710770026	
556	557			1	1.86084	0	1709678687	
557	558	30,0,10,3,26,9,27,29,28,44,11,16,17,13	55	0	349.3232	68.82166	1709679036	
1	64	11,16	55	0	1.606934	1.607056	1709679498	
1	64	0,10,11,16	55	0	1.573006	1.572266	1709981513	
64	1	0,10	55	0	1.771973	1.756042	1709679512	
434	547	0,10,11,16	55	0	2.004883	1.988037	1709679553	
8	109			1	11.72565	0.01701355	1709928780	
38	21	0,2,3,4	56	0	23.57867	11.8728	1709816810	
38	21	0,1	56	0	6.344604	6.32847	1709921700	
207	260	11,0,10,13,16	55	0	11.01762	5.367188	1709840241	
207	260	11,16	55	0	4.903198	4.887085	1710768390	
263	559	11,0,10,13,15,3,5,25,16	55	0	7.520554	7.306641	1709840255	
263	559	11,0,10,13,15,3,5,25,2,26	55	0	10.63477	10.12305	1709845028	
559	560			1	1.537598	0	1709845029	
560	561	11,0,10,13,3,5,25	55	0	7.69902	6.972656	1709840264	
561	562			1	1.224899	0	1709840265	
562	561			1	1.36451	0	1709840267	
561	254	0,10,15,3,5,25	55	0	251.4688	9.011719	1709840519	
254	561	26,34,29,0,10,28,3,5,15,25,8,11	55	0	326.4804	43.11523	1709840848	
562	82	11,16,0,10,13	73,55	0	2.08783	2.072266	1709840851	
82	244			1	9.338196	3.560547	1709840868	
244	563	0,10,15,11,13,16,14	55,45	0	2.139526	2.136719	1709840882	
563	564			1	3.24469	0.2167969	1709840885	
563	564		74,55,45	0	3.160461	0.2148438	1709840898	
564	563			1	3.378906	0.2148438	1709841285	
564	188	0,10,11,16,17,13	74,55,45	0	7.073303	6.958984	1709840905	
188	187			1	1.021301	0	1709840906	
188	220	3,8,0,10,11,16,6,17,13	55,74	0	27.62341	16.44922	1709840935	
220	565	3,8,0,10,11,16,6,17,13,5,12	55,74	0	8.377075	6.3125	1709840943	
565	566	3,8,0,10,11,16,6,17,13,5,12,24	75,55,74	0	11.8645	11.86133	1709840955	
566	567	3,8,0,10,11,16,6,17,13,5,12,24,39,38,9,1	75,55,74	0	311.5964	41.53125	1709841267	
567	218			1	1.176514	0	1709841268	
219	564	0,10,11,16,17,6	75,55,74	0	11.26355	10.56836	1709841281	
563	244	26	55,45	0	0.6623535	0.6132813	1709841285	
244	8			1	9.218262	0.9765625	1709841295	
432	568	11,0,10,13,26	55,76	0	4.894897	4.804688	1709841305	
568	569	11,0,10,13,26	55,76	0	3.156128	1.158203	1709841308	
569	567			1	1.375	0	1709841459	
567	569			1	1.505859	0	1709842271	
567	570	11,0,10,13,3,5,26,28,34,4,9,1,44,29,7,15	55,77	0	62.59863	62.20313	1709841433	
570	571			1	1.070557	0	1709841434	
571	570			1	0.9781494	0	1709841439	
570	567	0,10,26,28,34,44,29,11	55,77	0	17.1178	16.11719	1709841456	
560	559			1	1.116699	0	1709845030	
559	572	26,28,34,0,10,11,16,13,6,2,3	55	0	26.2085	24.97266	1709845057	
572	573			1	1.049316	0	1709845058	
494	496	11,16,17,6,0	55	0	12.29297	11.9615	1709845827	
496	495	11,16,17,6,0	55	0	0.003631592	0	1710005860	
495	105	11,16,17,6,0	55	0	4.017578	4.02655	1709845831	
115	530	11,16,17,0,41,6,26,29,10,15,3,5	55	0	13.90918	9.14547	1709845880	
115	530	11,16,17,0,41,6,26,29,10,3,5	55	0	16.0791	8.663963	1710005913	
531	119	11,16,17,0,41,6,26,29,10,15,3,5	55,67	0	9.317871	5.812546	1709845892	
120	123	11,16	55	0	4.654297	4.638672	1709845898	
127	126	11,0,41	55	0	6.858398	6.858627	1709845945	
109	10			1	36.8898	9.458984	1709901303	
10	574			1	9.057129	0.1328125	1709908237	
574	575	0,10,11,16	55	0	6.85791	4.007813	1709908244	
575	576			1	1.409668	0	1709908246	
576	577	11,16,0,10,13,3,26,9,27	55	0	8.646973	8.382813	1709908254	
577	578			1	1.177246	0	1709908255	
578	579	11,16	55	0	3.660645	3.644531	1709908259	
579	580			1	1.314453	0	1709908260	
580	581	11	55,78	0	4.091309	4.076172	1709908264	
581	582			1	1.417969	0	1709908266	
582	583	11,16	55	0	2.765137	2.75	1709908269	
583	584			1	1.300781	0	1709908270	
584	62	11,0,10,13	55	0	13.95898	2.583984	1709908284	
44	19	2,0	56	0	9.110413	8.028721	1709921755	
23	585	3,4,2,0	56	0	55.4325	37.25087	1709921896	
23	585	0	56	0	26.31604	8.284424	1709921945	
585	45	3,4,2,0	56	0	10.76782	3.628555	1709921907	
585	45	0,2,3,9,5,4	56	0	80.81775	27.97739	1709922026	
497	107	11,0,41,3,5,25,16,17,6	55	0	9.53714	9.310135	1709928607	
299	586	11,16	55	0	3.599228	3.578186	1709928656	
586	587	11,16	55	0	1.822296	1.822235	1710005929	
587	361	11,16	55	0	4.782501	4.788239	1709928661	
587	361	11,16,0,41,1	55	0	6.092224	6.096802	1710005935	
534	540	11,16,0,41,26,7,8,3,5	55	0	11.91116	11.82884	1709928712	
355	588	11,12,16	55,29	0	0.5638733	0.5631256	1709928719	
588	458	11,12,16	55,29,79	0	2.797699	2.799911	1709928722	
54	50	11,0,41,26,28,3,5	55	0	7.554565	7.057999	1709928739	
346	51	11,12,16,0,41	55,27	0	4.974426	4.87059	1709928752	
52	542	11,0,41,26,28,34	55	0	6.046204	5.715637	1709928759	
12	234	19,0,10,11,16,13,12	55	0	7.837463	6.973816	1709928989	
234	14	19,0,10,11,16,13,12	55,1	0	0.9255371	0.9277344	1709928990	
238	589	11,12	55	0	0.8457642	0.8283386	1709928996	
238	589	11,16,12	55	0	1.11084	1.093933	1710768679	
589	590	11,12	55,38	0	1.476868	1.474426	1709928997	
589	590	11,16,12,17,0,10,13,52	55,38	0	2.770386	2.766113	1710768682	
590	591	11,12,0,10,13,6,7,33,26,29,15	55,38	0	6.622681	6.560638	1709929004	
590	591	11,16,12,17,0,10,13,52,53,50,51,6,7,33,26,56,29	55,38	0	8.211914	8.150879	1710768690	
591	376	11,12,0,10,13,6,7,33,26,29,15,8,16,17	55,38	0	5.317932	3.015167	1709929009	
591	376	11,16,12,17,0,10,13,52,53,50,51,6,7,33,26,56,29,8	55,38	0	5.289795	2.948914	1710768695	
390	592	0,10,11,16,17,6	55,38	0	9.055298	6.693054	1709929129	
592	485	0,10,11,16,17,6	55,38	0	2.281799	2.286133	1709929131	
486	593	11,0,10,13,16,17	55	0	3.495178	3.479004	1709929136	
593	487	11,0,10,13,16,17,26,29,15	55	0	7.819153	3.976746	1709929144	
2	594			1	0.8180847	0	1709981749	
594	595	11	55,80,34,81,36,37	0	0.001251221	0	1709981749	
595	3	11	55,80,34,81,36,83	0	0.5951233	0	1709981750	
534	358	11,16	55	0	1.309113	1.292191	1710005982	
359	596	11,16	55	0	2.567749	2.551285	1710005986	
596	597			1	1.219513	0	1710005987	
597	123	11,16	55	0	2.10318	2.088028	1710005990	
126	132	11,0,41,3,1,5,26,28,29,10,4	55	0	40.24033	27.05339	1710006039	
143	189	11,16,0,41,3,9	55	0	9.144562	9.012939	1710011608	
189	134	11,16,0,41,3,9,1	55	0	2.120361	2.119995	1710011610	
393	598	3,0,11,12	55	0	3.380783	3.363678	1710011720	
598	392	3,0,11,12,16,41,26,2,5,4	55,84	0	20.98831	20.10403	1710011741	
392	391			1	1.076584	0	1710011742	
391	143	11,0,41	55	0	14.56102	14.54517	1710011756	
143	524	0,11,16,41,3,5,1,4	55	0	9.945068	9.923492	1710011777	
524	134	0,11,16,41,3,5,1,4	55	0	5.130066	5.136353	1710011782	
134	599	0,11,16,41,3,5,1,4	55	0	2.391083	2.385712	1710011785	
599	600	0,11,16,41,3,5,1,4,12	55	0	0.5418701	0.5469971	1710011786	
600	135	0,11,16,41,3,5,1,4,12	55,39	0	1.62381	1.623108	1710011787	
135	133	0,11,16,41,3,5,1,4,12	55,5,39	0	7.950775	7.953064	1710011795	
528	527			1	1.082642	0	1710160653	
527	526	11,0,10,13,52	55	0	3.577576	3.560547	1710152623	
527	526	50,51,0,10,52	55	0	4.240356	4.224609	1710152838	
526	525			1	1.256836	0	1710152625	
525	601	50,8,51,0,10,52,3,5	55	0	1.043579	1.027344	1710152840	
601	378	50,8,51,0,10,52,3,5,15,11,13,14	55	0	11.91103	11.91016	1710152852	
378	377			1	1.361649	0	1710152854	
378	601	0,10,52,50,51,23,3,5,1	55	0	558.5449	558.5293	1710156995	
378	601	11,0,10,13,14,15,3,5,23,1,50,51,52,53	55	0	26.39116	26.25781	1710191258	
601	525	0,10,52,50,51,23,3,5,1,11,16,17	55	0	1.706055	1.707031	1710156996	
601	525	11,0,10,13,14,15,3,5,23,1,50,51,52,53,16,17	55	0	5.399872	5.398438	1710191264	
526	602	11,0,10,13,52	55	0	2.391602	2.251953	1710157000	
602	527	11,0,10,13,52,16	55	0	1.401855	1.408203	1710157001	
528	246	11,16,17	55	0	3.296387	3.28125	1710158588	
244	333			1	5.580078	0.296875	1710158599	
333	332	50,51,0,10,6,8,11,16,17	55	0	3.04834	3.046875	1710158613	
332	331			1	1.137207	0	1710158614	
331	603	11,16,17,0,10,13,52,50,51,3,5	55	0	10.10547	9.859375	1710158624	
603	604			1	1.26709	0	1710158625	
604	605	11,16	55	0	1.092285	1.074219	1710158626	
605	606			1	1.1875	0	1710158627	
606	607	11,0,10,13,3,5,2,20,22,50	55	0	23.63965	22.95313	1710158651	
607	606	11,0,10,13,3,5,2,20,22,50,15,8,51,23	55,85	0	37.74023	33.73438	1710158689	
606	605			1	0.9755859	0	1710158690	
333	608	50,51,0,10,52	55	0	8.030667	5.167969	1710159368	
333	608	50,51,0,10,52,23,6	55	0	3.561665	3.5625	1710159384	
608	333	50,51,0,10,52,23,6	55	0	14.72798	14.72656	1710159399	
333	244			1	6.540413	1.789063	1710159423	
108	208	11	55	0	2.136841	2.035156	1710504532	
272	271			1	0.9884033	0	1710504739	
271	270	50,51,0,10,11,16,17	55	0	4.373047	4.273438	1710504743	
270	269			1	1.175171	0	1710504745	
269	260	11,0,10,13,14,15,50,51,53,52,16	55	0	312.0721	8.335938	1710505057	
260	206	11,0,10,13,52,50,51,16,53	55	0	335.4626	10.94922	1710505395	
260	206	50,51,0,10,52	55	0	5.251221	5.234375	1710505475	
206	257	11,0,10,13,52,50,51	55	0	60.02612	14.52734	1710505457	
269	207	50,51,0,10,52,2,3,5,11,16	55	0	258.9436	38.89063	1710505760	
109	134			1	5.899902	0.1328125	1710507375	
112	684	11,0,10,13,52,53,50,26,28,44,34	55	0	19.43701	7.107239	1710767853	
112	684	11,0,10,13,26,6,34	55	0	10.2373	9.344055	1710768009	
112	684	11,0,10,13,52,26,28,34	55	0	6.311035	5.682922	1710768305	
684	112	11,0,10,13,52,53,50,26,28,44,34,51,16	55	0	12.82458	8.100891	1710767866	
684	112	11,0,10,13,52,26,28,34,50,51,16	55	0	10.95056	6.294983	1710768316	
259	685	11,16,19,50,2,51,0,10,52,3,1,53	55	0	9.072754	5.897705	1710767904	
685	686	11,16,19,50,2,51,0,10,52,3,1,53	55,92	0	8.166504	6.047913	1710767912	
686	687			1	1.223755	0	1710767913	
687	688	11	55	0	0.5869141	0.5635986	1710767914	
688	689	11,16,0,10,13,3,5,55,26,28,34,44,50	55	0	10.0564	9.624756	1710767924	
688	689	11,16,0,10,13,3,5,55,26,28,34	55	0	6.538452	5.997192	1710768070	
688	689	11,16,0,10,13,3,5,55,26,34	55	0	6.687744	6.147095	1710768363	
261	690	11,16,17,0,10,13,14,15	55	0	5.052368	4.871155	1710767950	
261	690	11,16,17,6,50,51,0,10,13,15	55	0	8.017578	7.835327	1710768098	
261	690	11,16,17,0,10,13,15	55	0	4.820313	4.639404	1710768396	
690	266	11,16,17,0,10,13,14,15,50,51	55	0	8.720337	4.025146	1710767959	
690	266	11,16,17,6,50,51,0,10,13,15	55	0	7.130005	4.107605	1710768107	
268	691	11,0,10,13,52,3,5,50,51,53	55	0	14.28003	11.86133	1710767976	
268	691	11,50,51,0,10,52,13,3,5,2	55	0	11.62915	9.674622	1710768422	
258	685	11,0,10,13,52,53,19,2	55	0	13.20361	11.4303	1710768045	
258	685	11,19,0,10,52,51	55	0	11.18286	9.410156	1710768339	
685	259	11,0,10,13,52,53,19,2,50,51,3,5	55,92	0	7.090942	5.384155	1710768053	
685	259	11,19,0,10,52,51,50,13,53	55,92	0	6.045898	4.17511	1710768345	
259	686	11,0,10,13,52,53,19,2,50,51,3,5,16	55,92	0	8.759033	4.937012	1710768061	
259	686	11,19,0,10,52,51,50,13,53,16	55,92	0	9.04126	5.035278	1710768354	
266	265	11,16,17,6,50,51,0,10,13,15	55	0	7.306519	7.305847	1710768114	
265	267	11,16,17,6,50,51,0,10,13,15,8	55	0	6.338135	6.345093	1710768120	
265	267	11,16,17,0,10,13,15,50,51	55	0	1.45105	1.457886	1710768405	
691	273	11,50,51,0,10,52,13,3,5,2,1,26,9	55	0	25.47998	11.01538	1710768161	
691	273	11,50,51,0,10,52,13,3,5,2,53,1,9	55	0	29.63391	13.31824	1710768452	
204	223	11,16,17	55	0	3.416626	3.396118	1710768259	
224	211	11,16,17,0,10,13,52,50,51	55	0	7.902344	6.195496	1710768270	
212	218	11,16	55	0	1.208984	1.192871	1710768273	
219	221	11,16,17,0,10,13,53,52,3,5	55	0	9.591675	9.575195	1710768283	
690	265	11,16,17,0,10,13,15,50,51	55	0	7.461792	4.422974	1710768403	
388	278			1	0.0001220703	0	1710768515	
12	229	11,16,17	55	0	8.334595	8.200806	1710768639	
230	232	50,11,12	55	0	0.5809326	0.579834	1710768643	
232	692	50,11,12,16,2,51,0,10,3,5	55,17	0	12.15857	8.673157	1710768655	
692	233	50,11,12,16,2,51,0,10,3,5	55,17,93	0	2.136963	0.5142822	1710768657	
229	234	50,11,16,17,51,0,10,12	55	0	3.960083	3.844299	1710768670	
234	13	50,11,16,17,51,0,10,12	55,1	0	0.03259277	0.03234863	1710768671	
13	235	50,11,16,17,51,0,10,12	55,3,1	0	0.5800781	0.5806274	1710768671	
235	14	50,11,16,17,51,0,10,12	55,3,1,0	0	1.093018	0.9770508	1710768672	
398	389			1	0	0	1710768875	
1	109			1	23.7373	0.1159668	1710769352	
205	201	11,16,17	55	0	2.833252	2.816528	1710769365	
284	283	11,50,51,0,10	55,59	0	3.512207	1.45752	1710769445	
282	693	11,0,10,13,52,50,26,51	55,59	0	5.516602	5.218262	1710769451	
693	694			1	1.197754	0	1710769452	
694	370	11,0,10,13,26,34,28,44,52,51,53,2,50	55,59	0	9.638672	9.138977	1710769462	
195	574			1	105.4954	0.04998779	1710769590	
574	695	50,51,0,10,11	55	0	3.578125	0.7288208	1710769594	
695	663	50,51,0,10,11,13,52	55	0	2.917969	2.915771	1710769597	
663	662			1	3.32959	0.2150879	1710769600	
662	655	50,52,51,0,10,26,28,11	55	0	4.20752	4.141174	1710769604	
662	655	26,28,44,51,0,10,11,16	55	0	8.133545	6.956238	1710770111	
655	656			1	1.386719	0	1710769605	
656	657	11,16,0,10,13,53,52,3,26,9,27	55	0	10.3374	9.210571	1710769616	
656	657	11,0,10,13,3,5,7,26,9,27	55	0	4.721191	4.257202	1710770117	
657	658	11,16,0,10,13,53,52,3,26,9,27,2,15,5,1	55	0	12.50879	6.95166	1710769628	
657	658	11,0,10,13,3,5,7,26,9,27,50,2,15	55	0	16.65088	9.908569	1710770133	
658	567	11,16,0,10,13,53,52,3,26,9,27,2,15,5,1,51,28,50,34	55,77	0	24.86548	21.48602	1710769653	
658	567	11,0,10,13,3,5,7,26,9,27,50,2,15,51,34,56,29	55,77	0	13.50049	11.05017	1710770147	
569	433	11,0,10,13,14,15,3,26,9,27	55	0	2.683594	2.304565	1710769657	
569	433	11,0,10,13,53,52,3,26,9,27,28	55	0	2.567627	2.155151	1710770151	
436	619	30,31,50,51,0,10,23,3,5	55	0	13.56836	5.499756	1710769950	
619	437	30,31,50,51,0,10,23,3,5,8	55	0	10.5332	7.769653	1710769960	
557	618	30,50,51,0,10,11,16,17,13,52,7,20,48,32,37	55	0	26.82788	21.37085	1710770055	
618	558	30,50,51,0,10,11,16,17,13,52,7,20,48,32,37	55,88	0	1.175293	1.17627	1710770056	
574	663	50,51,0,10,11	55	0	4.4729	1.606934	1710770100	
434	433			1	0.9851074	0	1710770153	
433	432	50,51,0,10,23,3,5,11,16	55	0	6.113037	6.096558	1710770159	
432	431			1	1.209473	0	1710770161	
431	8	11	55	0	0.4638672	0.4472656	1710770161	
554	440	30,32,37,50,51,0,10	55,30,70	0	8.033936	6.146606	1710770288	
437	619	30,0,10,23	55	0	8.697266	8.680908	1710770316	
619	442	30,0,10,23,32,37	55	0	4.920898	2.154419	1710770321	
417	450			1	0	0	1710770454	
451	427	0,10,11,16,17,6	55,59	0	17.27808	5.930542	1710770478	
427	426			1	1.223145	0	1710770480	
426	406	11,16	55	0	4.687988	4.671631	1710770484	
449	418			1	0.0002441406	0	1710770645	
63	493	50,0,58,56	55	0	11.76953	1.838311	1710780156	
63	493	50,0,58,56,8	55	0	13.30957	2.170895	1710780275	
493	625	50,0,58,56	55	0	0.4316406	0.4307318	1710780157	
493	625	50,0,58,56,8	55	0	0.5800781	0.580389	1710780275	
625	624	50,0,58,56,8,3,4	55	0	1.578125	1.573294	1710780277	
625	624	50,0,58,56,8,3,4,1	55	0	2.620117	2.618011	1710780384	
625	624	50,0,58,56,3,4	55	0	1.925781	1.921758	1710781793	
624	626	50,0,58,56,3,4	55	0	5.683594	5.599167	1710780164	
624	626	50,0,58,56,8,3,4,1	55	0	7.305664	7.224009	1710780490	
624	626	50,0,58,56,3,4,1	55	0	6.527344	6.361799	1710781799	
626	2	50,0,58,56,3,4,1	55	0	10.16699	10.08933	1710780174	
626	2	50,0,58,56,8,3,4,1	55	0	10.86328	10.66902	1710780400	
4	484	50,0,58,3,5,9,2,4,1	55,34,35,36,37	0	33.48047	14.97435	1710780226	
4	484	50,0,58,3,5,4,2	55,34,35,36,37	0	19.71289	1.458645	1710780440	
4	627	50,0,58,3,4,1,2,5,9	55,34,35,36,37	0	19.26855	17.1219	1710780525	
627	75	50,0,58,3,5,9,1,2,4	55,34,35,36,37	0	6.790039	6.524796	1710781852	
77	696	50,0,58,3,4,1,2,9,19,5	55	0	45.56055	18.93188	1710780584	
696	628	50,0,58,3,4,1,2,9,19,5	55	0	6.421875	6.427742	1710780591	
628	629			1	1.009766	0	1710780592	
629	630	50,0,58	55	0	7.787109	1.540741	1710781895	
630	631	50,0,58,3,4,1	55	0	4.936523	4.936409	1710780606	
631	632			1	1.118164	0	1710780607	
632	635	50,0,58,3,4	55	0	138.0615	2.384392	1710780745	
635	634	50,0,58,3,4,1,2	55	0	9.245117	8.894745	1710780754	
634	697	50,0,58,3,4,1,2	55	0	9.226563	8.035637	1710780763	
697	633	50,0,58,3,4,1,2	55	0	4.681641	4.688164	1710780768	
630	1			1	11.15723	0.7117004	1710781945	
1	67	50,0,58	55	0	525.7236	3.11441	1710781316	
1	67	50,3,4,0,58	55	0	41.53027	4.026817	1710782012	
67	1	50,3,0,58,56	55	0	16.44824	12.42514	1710781359	
401	636	50,3,0,58,56,1,26,28	55	0	20.55664	8.317322	1710781382	
636	95	50,3,0,58,56,1,26,28	55	0	1.336914	1.341995	1710781383	
636	95	50,0,58,26,28,3	55	0	1.223633	1.22596	1710782049	
95	452	50,3,0,58,56,1,26,28,29,10,52	55	0	11.38184	8.763214	1710781394	
452	97	50,0,58,3,26,28,56,29,10,5	55	0	7.469727	6.096008	1710781417	
97	96	50,0,58,3,26,28,56,29,10,5	55	0	1.138672	1.143204	1710781418	
96	6	50,0,58,3,26,28,56,29,10,5,6,4,1	55	0	22.69043	12.4915	1710781440	
106	698	50,0,58	55	0	3.222656	2.518005	1710781499	
698	699			1	1.094727	0	1710781500	
699	700	50,0,58,3,4	55	0	2.374023	2.352219	1710781502	
700	701	50,0,58,3,4	55	0	2.733398	2.733505	1710781505	
701	699	50,0,58,3,4	55	0	3.307617	3.230667	1710781509	
699	698			1	1.085938	0	1710781510	
698	497	50,0,58,3,55,26,56,29,10,52,53,28,1,9	55	0	16.93555	16.55099	1710781527	
498	641	50,0,58,3,55,26,56,29,10,52,53,28,1,9,5,6	55	0	38.76855	14.32913	1710781565	
641	107	50,0,58,3,55,26,56,29,10,52,53,28,1,9,5,6	55	0	2.612305	2.617554	1710781568	
63	625	50,0,58,56	55	0	14.89844	2.601477	1710781791	
77	628	50,0,58,3,4,1,2,9,20,48	55	0	25.33496	15.45505	1710781886	
630	702	50,0,58,3,4,1	55	0	3.958984	3.95945	1710781904	
702	631	50,0,58,3,4,1	55	0	0.6953125	0.6958084	1710781904	
632	633	50,0,58	55	0	14.49512	3.644318	1710781920	
67	636	50,0,58,26,28,3	55	0	15.99902	3.84288	1710782047	
97	452	50,0,58,26,28,3,6,56,29,10,52,53,5,4	55	0	8.462891	8.317459	1710782078	
452	6	50,0,58	55	0	30.73242	5.234512	1710782113	
